Mobile_Device,Rating,sentiment_label,sentiment_score,positive_probability,neutral_probability,negative_probability,rating_norm,satisfaction_score,score_agreement,review_len,Date,Additional_Information
iPhone 17 Pro Max,5,positive,0.9751,0.9536,0.043,0.0034,1.0,98.91,1,309,5 months ago,Incentivized | Verified Purchaser
iPhone 17 Pro Max,5,positive,0.9851,0.973,0.0241,0.0029,1.0,99.47,1,437,1 month ago,Incentivized | Verified Purchaser | Owned for 2 months
iPhone 17 Pro Max,5,positive,0.9924,0.9888,0.0072,0.004,1.0,99.88,1,220,2 months ago,Incentivized | Verified Purchaser | Owned for 1 month
iPhone 17 Pro Max,5,positive,0.9924,0.989,0.0068,0.0041,1.0,99.88,1,214,4 months ago,Incentivized | Verified Purchaser | Owned for 2 weeks
iPhone 17 Pro Max,4,positive,0.9397,0.8985,0.0823,0.0192,0.75,85.49,1,855,5 months ago,Incentivized | Verified Purchaser | Best Buy Employee | Owned for 1 month
iPhone 17 Pro Max,5,positive,0.9921,0.987,0.0102,0.0028,1.0,99.87,1,164,3 months ago,Incentivized | Verified Purchaser | Owned for 2 months
iPhone 17 Pro Max,5,positive,0.9887,0.9823,0.0129,0.0048,1.0,99.68,1,194,5 months ago,Incentivized | Verified Purchaser
iPhone 17 Pro Max,5,positive,0.991,0.9852,0.0116,0.0032,1.0,99.8,1,63,5 months ago,Incentivized | Verified Purchaser
iPhone 17 Pro Max,5,positive,0.9937,0.9902,0.007,0.0028,1.0,99.96,1,68,5 months ago,Incentivized | Verified Purchaser
iPhone 17 Pro Max,5,positive,0.992,0.9876,0.0088,0.0036,1.0,99.86,1,156,2 months ago,Incentivized | Verified Purchaser | Owned for 2 weeks
iPhone 17 Pro Max,5,positive,0.9892,0.9841,0.0103,0.0056,1.0,99.7,1,145,2 months ago,Incentivized | Verified Purchaser | Owned for 1 month
iPhone 17 Pro Max,5,positive,0.9925,0.9875,0.0099,0.0026,1.0,99.89,1,83,1 month ago,Incentivized | Verified Purchaser
iPhone 17 Pro Max,5,positive,0.9937,0.9909,0.0057,0.0034,1.0,99.96,1,113,2 months ago,Incentivized | Verified Purchaser | Owned for 3 weeks
iPhone 17 Pro Max,5,positive,0.9895,0.9831,0.0128,0.0041,1.0,99.72,1,95,2 months ago,Incentivized | Verified Purchaser
iPhone 17 Pro Max,5,positive,0.9892,0.9843,0.0099,0.0058,1.0,99.7,1,99,4 months ago,Incentivized | Verified Purchaser | Owned for 1 month
iPhone 17 Pro Max,5,positive,0.9853,0.9779,0.0149,0.0072,1.0,99.49,1,152,5 months ago,Incentivized | Verified Purchaser
iPhone 17 Pro Max,5,positive,0.9933,0.9897,0.0073,0.003,1.0,99.93,1,125,4 months ago,Incentivized | Verified Purchaser
iPhone 17 Pro Max,5,positive,0.9916,0.9866,0.0101,0.0033,1.0,99.84,1,91,4 months ago,Incentivized | Verified Purchaser | Owned for less than 1 week
iPhone 17 Pro Max,5,positive,0.9938,0.9901,0.0075,0.0024,1.0,99.96,1,56,3 months ago,Incentivized | Verified Purchaser
iPhone 17 Pro Max,4,positive,0.9864,0.9784,0.0161,0.0055,0.75,88.1,1,82,1 month ago,Incentivized | Verified Purchaser | Owned for 3 months
iPhone 17 Pro Max,5,positive,0.993,0.9893,0.0074,0.0033,1.0,99.92,1,106,5 months ago,Incentivized | Verified Purchaser
iPhone 17 Pro Max,5,positive,0.9942,0.9916,0.0052,0.0032,1.0,99.98,1,58,4 months ago,Incentivized | Verified Purchaser | Owned for 3 weeks
iPhone 17 Pro Max,5,positive,0.9919,0.9873,0.0092,0.0035,1.0,99.85,1,64,5 months ago,Incentivized | Verified Purchaser | Owned for 2 weeks
iPhone 17 Pro Max,5,positive,0.9931,0.9896,0.0071,0.0033,1.0,99.92,1,62,5 months ago,Incentivized | Verified Purchaser | Owned for 1 month
iPhone 17 Pro Max,5,positive,0.994,0.99,0.008,0.002,1.0,99.97,1,69,1 week ago,Incentivized | Verified Purchaser | Owned for less than 1 week
iPhone 17 Pro Max,5,positive,0.992,0.9879,0.0082,0.0039,1.0,99.86,1,53,5 months ago,Incentivized | Verified Purchaser | Best Buy Employee | Owned for 3 weeks
iPhone 17 Pro Max,5,positive,0.9931,0.9897,0.0067,0.0036,1.0,99.92,1,57,1 month ago,Incentivized | Verified Purchaser | Owned for 6 months
iPhone 17 Pro Max,5,positive,0.9663,0.9381,0.0564,0.0055,1.0,98.42,1,293,6 months ago,Incentivized | Verified Purchaser | Owned for 2 weeks
iPhone 17 Pro Max,5,positive,0.9829,0.9709,0.0239,0.0052,1.0,99.35,1,224,5 months ago,Incentivized | Verified Purchaser | Owned for 2 weeks
iPhone 17 Pro Max,5,positive,0.9838,0.9749,0.0178,0.0073,1.0,99.4,1,82,2 months ago,Incentivized | Verified Purchaser | Owned for 2 weeks
iPhone 17 Pro Max,4,positive,0.994,0.9908,0.0064,0.0028,0.75,88.52,1,55,5 months ago,Incentivized | Verified Purchaser | Owned for 1 week
iPhone 17 Pro Max,5,positive,0.9935,0.9891,0.0087,0.0022,1.0,99.94,1,69,4 months ago,Incentivized | Verified Purchaser
iPhone 17 Pro Max,5,positive,0.9933,0.9897,0.0072,0.0031,1.0,99.93,1,50,3 months ago,Incentivized | Verified Purchaser
iPhone 17 Pro Max,5,positive,0.9896,0.9856,0.008,0.0064,1.0,99.73,1,59,4 months ago,Incentivized | Verified Purchaser
iPhone 17 Pro Max,3,positive,0.6643,0.5184,0.2918,0.1898,0.5,58.62,0,253,6 months ago,Incentivized | Verified Purchaser | Owned for 1 week
iPhone 17 Pro Max,5,positive,0.991,0.9851,0.0117,0.0032,1.0,99.8,1,1398,1 month ago,Incentivized | Verified Purchaser | Owned for 5 months
iPhone 17 Pro Max,5,positive,0.9926,0.9882,0.0088,0.003,1.0,99.89,1,434,1 month ago,Incentivized | Verified Purchaser | Owned for 2 weeks
iPhone 17 Pro Max,5,positive,0.9923,0.9881,0.0085,0.0034,1.0,99.88,1,129,4 months ago,Incentivized | Verified Purchaser
iPhone 17 Pro Max,5,positive,0.9928,0.9891,0.0074,0.0035,1.0,99.9,1,463,5 months ago,Incentivized | Verified Purchaser
iPhone 17 Pro Max,5,positive,0.9886,0.9829,0.0114,0.0057,1.0,99.67,1,357,4 months ago,Incentivized | Verified Purchaser | Owned for 1 month
iPhone 17 Pro Max,5,positive,0.9918,0.988,0.0075,0.0045,1.0,99.85,1,104,6 months ago,Incentivized | Verified Purchaser | Owned for 2 weeks
iPhone 17 Pro Max,5,positive,0.9924,0.9887,0.0075,0.0038,1.0,99.88,1,149,1 month ago,Incentivized | Verified Purchaser | Owned for 2 months
iPhone 17 Pro Max,5,positive,0.9918,0.9872,0.0091,0.0037,1.0,99.85,1,350,5 months ago,Incentivized | Verified Purchaser
iPhone 17 Pro Max,5,positive,0.9826,0.9717,0.0217,0.0066,1.0,99.33,1,244,3 months ago,Incentivized | Verified Purchaser
iPhone 17 Pro Max,5,neutral,0.665,0.4358,0.4583,0.1059,1.0,81.56,0,250,4 months ago,Incentivized | Verified Purchaser
iPhone 17 Pro Max,5,positive,0.9912,0.987,0.0084,0.0046,1.0,99.82,1,217,5 months ago,Incentivized | Verified Purchaser
iPhone 17 Pro Max,5,positive,0.99,0.9834,0.0133,0.0033,1.0,99.75,1,590,4 months ago,Incentivized | Verified Purchaser
iPhone 17 Pro Max,5,positive,0.8993,0.8638,0.071,0.0652,1.0,94.67,1,361,2 months ago,Incentivized | Verified Purchaser | Owned for 4 months
iPhone 17 Pro Max,5,positive,0.9941,0.9907,0.0069,0.0024,1.0,99.98,1,282,1 month ago,Incentivized | Verified Purchaser | Owned for 2 weeks
iPhone 17 Pro Max,5,positive,0.9657,0.9417,0.048,0.0103,1.0,98.39,1,59,2 months ago,Incentivized | Verified Purchaser | Owned for 1 month
iPhone 17 Pro Max,5,positive,0.9849,0.9766,0.0168,0.0067,1.0,99.46,1,400,2 months ago,Incentivized | Verified Purchaser | Owned for 1 month
iPhone 17 Pro Max,5,positive,0.9906,0.985,0.0111,0.0039,1.0,99.78,1,198,6 months ago,Incentivized | Verified Purchaser | Owned for 1 week
iPhone 17 Pro Max,5,positive,0.9922,0.9879,0.0087,0.0034,1.0,99.87,1,144,5 months ago,Incentivized | Verified Purchaser
iPhone 17 Pro Max,5,positive,0.9885,0.9826,0.0118,0.0057,1.0,99.66,1,178,1 month ago,Incentivized | Verified Purchaser | Owned for 1 month
iPhone 17 Pro Max,5,positive,0.9885,0.982,0.0129,0.0051,1.0,99.66,1,286,3 months ago,Incentivized | Verified Purchaser
iPhone 17 Pro Max,5,positive,0.9906,0.9845,0.0122,0.0033,1.0,99.78,1,149,2 months ago,Incentivized | Verified Purchaser | Owned for 4 months
iPhone 17 Pro Max,5,positive,0.9642,0.9433,0.0417,0.0149,1.0,98.3,1,246,3 months ago,Incentivized | Verified Purchaser | Owned for 2 months
iPhone 17 Pro Max,5,positive,0.99,0.9842,0.0115,0.0043,1.0,99.75,1,267,4 months ago,Incentivized | Verified Purchaser
iPhone 17 Pro Max,5,positive,0.9179,0.8574,0.121,0.0216,1.0,95.71,1,540,2 months ago,Incentivized | Verified Purchaser | Owned for 2 weeks
iPhone 17 Pro Max,5,positive,0.9886,0.9809,0.0153,0.0037,1.0,99.67,1,281,5 months ago,Incentivized | Verified Purchaser
iPhone 17 Pro Max,4,negative,0.137,0.0356,0.2027,0.7616,0.75,40.56,0,1540,4 months ago,Incentivized | Verified Purchaser | Owned for 1 month
iPhone 17 Pro Max,5,positive,0.9912,0.9866,0.0092,0.0042,1.0,99.82,1,69,1 month ago,Incentivized | Verified Purchaser
iPhone 17 Pro Max,5,positive,0.9925,0.989,0.0069,0.0041,1.0,99.89,1,65,1 month ago,Incentivized | Verified Purchaser | Best Buy Employee | Owned for 3 weeks
iPhone 17 Pro Max,5,positive,0.9919,0.9867,0.0104,0.0029,1.0,99.85,1,69,2 months ago,Incentivized | Verified Purchaser | Owned for 1 month
iPhone 17 Pro Max,5,positive,0.9831,0.9741,0.018,0.0079,1.0,99.36,1,105,3 months ago,Incentivized | Verified Purchaser | Best Buy Employee | Owned for 2 months
iPhone 17 Pro Max,5,positive,0.9923,0.9886,0.0073,0.0041,1.0,99.88,1,212,6 months ago,Incentivized | Verified Purchaser | Owned for 2 weeks
iPhone 17 Pro Max,5,positive,0.9934,0.99,0.0069,0.0031,1.0,99.94,1,112,3 months ago,Incentivized | Verified Purchaser | Owned for 1 month
iPhone 17 Pro Max,5,positive,0.9805,0.9658,0.0294,0.0047,1.0,99.22,1,50,1 month ago,Incentivized | Verified Purchaser | Owned for 3 weeks
iPhone 17 Pro Max,5,positive,0.9912,0.9849,0.0125,0.0026,1.0,99.82,1,49,2 months ago,Incentivized | Verified Purchaser | Owned for 1 month
iPhone 17 Pro Max,5,positive,0.989,0.9822,0.0137,0.0041,1.0,99.69,1,187,6 months ago,Incentivized | Verified Purchaser
iPhone 17 Pro Max,5,positive,0.9899,0.9839,0.012,0.0041,1.0,99.74,1,120,4 months ago,Incentivized | Verified Purchaser | Owned for 2 weeks
iPhone 17 Pro Max,5,positive,0.9929,0.9893,0.0071,0.0036,1.0,99.91,1,77,3 months ago,Incentivized | Verified Purchaser
iPhone 17 Pro Max,5,positive,0.9909,0.987,0.0078,0.0052,1.0,99.8,1,164,6 months ago,Incentivized | Verified Purchaser
iPhone 17 Pro Max,5,positive,0.9902,0.9844,0.0115,0.0041,1.0,99.76,1,654,3 weeks ago,Incentivized | Verified Purchaser | Owned for 2 weeks
iPhone 17 Pro Max,5,positive,0.9903,0.9844,0.0118,0.0037,1.0,99.76,1,76,4 months ago,Incentivized | Verified Purchaser | Owned for 2 months
iPhone 17 Pro Max,5,positive,0.9893,0.9826,0.0134,0.004,1.0,99.71,1,80,3 months ago,Incentivized | Verified Purchaser
iPhone 17 Pro Max,5,positive,0.9915,0.9856,0.0118,0.0026,1.0,99.83,1,122,5 months ago,Incentivized | Verified Purchaser
iPhone 17 Pro Max,5,positive,0.9943,0.9917,0.0052,0.0031,1.0,99.99,1,105,5 months ago,Incentivized | Verified Purchaser
iPhone 17 Pro Max,5,positive,0.9937,0.9907,0.0061,0.0032,1.0,99.96,1,119,5 months ago,Incentivized | Verified Purchaser
iPhone 17 Pro Max,5,positive,0.9862,0.9753,0.0218,0.003,1.0,99.54,1,128,6 months ago,Incentivized | Verified Purchaser | Owned for 2 weeks
iPhone 17 Pro Max,5,positive,0.9841,0.9742,0.0199,0.006,1.0,99.42,1,64,4 months ago,Incentivized | Verified Purchaser | Owned for 3 weeks
iPhone 17 Pro Max,5,positive,0.9919,0.988,0.0079,0.0041,1.0,99.85,1,62,4 months ago,Incentivized | Verified Purchaser | Owned for 1 month
iPhone 17 Pro Max,5,positive,0.9917,0.987,0.0094,0.0036,1.0,99.84,1,89,5 months ago,Incentivized | Verified Purchaser
iPhone 17 Pro Max,5,positive,0.992,0.9879,0.0083,0.0038,1.0,99.86,1,98,6 months ago,Incentivized | Verified Purchaser
iPhone 17 Pro Max,5,positive,0.9858,0.9759,0.0198,0.0043,1.0,99.51,1,93,5 months ago,Incentivized | Verified Purchaser | Owned for 2 weeks
iPhone 17 Pro Max,5,positive,0.9923,0.9876,0.0094,0.003,1.0,99.88,1,83,5 months ago,Incentivized | Verified Purchaser | Owned for 1 month
iPhone 17 Pro Max,5,positive,0.9862,0.9758,0.0208,0.0034,1.0,99.54,1,57,2 months ago,Incentivized
iPhone 17 Pro Max,5,positive,0.988,0.979,0.018,0.0031,1.0,99.64,1,174,2 months ago,Incentivized | Verified Purchaser | Owned for 1 month
iPhone 17 Pro Max,5,positive,0.9899,0.9825,0.0148,0.0027,1.0,99.74,1,74,5 months ago,Incentivized | Verified Purchaser | Owned for 1 month
iPhone 17 Pro Max,5,positive,0.9927,0.9881,0.0091,0.0028,1.0,99.9,1,72,5 months ago,Incentivized | Verified Purchaser | Owned for 1 month
iPhone 17 Pro Max,5,positive,0.987,0.9776,0.0188,0.0036,1.0,99.58,1,427,2 weeks ago,Incentivized | Verified Purchaser | Owned for 2 weeks
iPhone 17 Pro Max,5,positive,0.9924,0.9886,0.0075,0.0039,1.0,99.88,1,75,5 months ago,Incentivized | Verified Purchaser
iPhone 17 Pro Max,5,positive,0.9894,0.9839,0.0111,0.005,1.0,99.71,1,391,6 months ago,Incentivized | Verified Purchaser
iPhone 17 Pro Max,5,positive,0.9943,0.9915,0.0056,0.0029,1.0,99.99,1,52,3 months ago,Incentivized
iPhone 17 Pro Max,5,positive,0.9914,0.9868,0.0091,0.0041,1.0,99.83,1,64,5 months ago,Incentivized | Top 1000 Contributor | Verified Purchaser
iPhone 17 Pro Max,5,positive,0.9865,0.9788,0.0153,0.0058,1.0,99.55,1,128,1 month ago,Incentivized | Verified Purchaser
iPhone 17 Pro Max,5,positive,0.991,0.9857,0.0106,0.0037,1.0,99.8,1,51,5 months ago,Incentivized | Verified Purchaser
iPhone 17 Pro Max,5,positive,0.9922,0.987,0.0103,0.0027,1.0,99.87,1,53,5 months ago,Incentivized | Verified Purchaser | Owned for 1 month
iPhone 17 Pro Max,5,positive,0.9937,0.99,0.0074,0.0026,1.0,99.96,1,115,1 month ago,Incentivized | Verified Purchaser | Owned for 2 weeks
iPhone 17 Pro Max,5,positive,0.9892,0.9825,0.0134,0.0041,1.0,99.7,1,90,1 month ago,Incentivized | Verified Purchaser | Owned for 3 weeks
iPhone 17 Pro Max,5,positive,0.9915,0.986,0.011,0.003,1.0,99.83,1,212,4 months ago,Incentivized | Verified Purchaser
iPhone 17 Pro Max,4,positive,0.8017,0.6911,0.2212,0.0878,0.75,77.76,1,453,5 months ago,Incentivized | Verified Purchaser
iPhone 17 Pro Max,5,positive,0.9871,0.9809,0.0123,0.0068,1.0,99.59,1,251,5 months ago,Incentivized | Verified Purchaser
iPhone 17 Pro Max,5,positive,0.9935,0.9899,0.0072,0.0029,1.0,99.94,1,159,4 months ago,Incentivized | Verified Purchaser | Owned for 3 weeks
iPhone 17 Pro Max,5,positive,0.9688,0.9507,0.0363,0.013,1.0,98.56,1,155,3 months ago,Incentivized | Verified Purchaser | Owned for 3 weeks
iPhone 17 Pro Max,5,positive,0.9898,0.9838,0.012,0.0042,1.0,99.74,1,254,6 months ago,Incentivized | Verified Purchaser
iPhone 17 Pro Max,5,positive,0.9779,0.9622,0.0315,0.0063,1.0,99.07,1,62,1 month ago,Incentivized | Verified Purchaser | Owned for 2 weeks
iPhone 17 Pro Max,5,positive,0.9899,0.9827,0.0145,0.0028,1.0,99.74,1,136,4 months ago,Incentivized | Verified Purchaser
iPhone 17 Pro Max,5,positive,0.8293,0.703,0.2526,0.0444,1.0,90.75,1,145,3 months ago,Incentivized | Verified Purchaser | Owned for 1 week
iPhone 17 Pro Max,5,positive,0.9924,0.9884,0.008,0.0036,1.0,99.88,1,307,1 month ago,Incentivized | Verified Purchaser | Owned for 2 weeks
iPhone 17 Pro Max,5,positive,0.9676,0.9473,0.0406,0.0121,1.0,98.49,1,245,6 months ago,Incentivized | Verified Purchaser
iPhone 17 Pro Max,5,positive,0.993,0.9892,0.0076,0.0032,1.0,99.92,1,259,3 weeks ago,Incentivized | Verified Purchaser | Owned for 1 month
iPhone 17 Pro Max,5,positive,0.9868,0.9792,0.0153,0.0055,1.0,99.57,1,61,1 month ago,Incentivized | Verified Purchaser | Owned for 3 months
iPhone 17 Pro Max,5,positive,0.9763,0.96,0.0326,0.0074,1.0,98.98,1,101,2 months ago,Incentivized | Verified Purchaser
iPhone 17 Pro Max,5,positive,0.9911,0.9868,0.0086,0.0046,1.0,99.81,1,53,1 month ago,Incentivized | Verified Purchaser | Owned for 3 weeks
iPhone 17 Pro Max,5,negative,0.0923,0.0194,0.1458,0.8348,1.0,49.51,0,159,4 months ago,Incentivized | Verified Purchaser | Owned for 2 weeks
iPhone 17 Pro Max,5,positive,0.9929,0.988,0.0097,0.0022,1.0,99.91,1,180,5 months ago,Incentivized | Verified Purchaser | Owned for 3 weeks
iPhone 17 Pro Max,5,positive,0.9924,0.9882,0.0084,0.0034,1.0,99.88,1,57,2 months ago,Incentivized | Verified Purchaser | Owned for 3 weeks
iPhone 17 Pro Max,5,positive,0.989,0.9812,0.0157,0.0032,1.0,99.69,1,56,2 months ago,Incentivized | Verified Purchaser | Owned for 3 weeks
iPhone 17 Pro Max,5,positive,0.9863,0.977,0.0186,0.0044,1.0,99.54,1,125,3 months ago,Incentivized | Verified Purchaser | Owned for 2 weeks
iPhone 17 Pro Max,5,positive,0.9877,0.981,0.0133,0.0057,1.0,99.62,1,125,3 days ago,Incentivized | Verified Purchaser | Owned for 1 month
iPhone 17 Pro Max,5,positive,0.9917,0.9868,0.0098,0.0034,1.0,99.84,1,189,5 months ago,Incentivized | Verified Purchaser
iPhone 17 Pro Max,5,positive,0.9509,0.9188,0.0643,0.0169,1.0,97.56,1,150,4 months ago,Incentivized | Verified Purchaser | Owned for 1 month
iPhone 17 Pro Max,5,positive,0.9912,0.9866,0.0092,0.0042,1.0,99.82,1,111,3 months ago,Incentivized | Verified Purchaser
iPhone 17 Pro Max,4,positive,0.9907,0.9847,0.012,0.0033,0.75,88.34,1,74,6 months ago,Incentivized | Verified Purchaser
iPhone 17 Pro Max,5,positive,0.9102,0.8442,0.132,0.0238,1.0,95.28,1,98,3 months ago,Incentivized | Verified Purchaser
iPhone 17 Pro Max,5,positive,0.9921,0.9874,0.0094,0.0032,1.0,99.87,1,188,6 months ago,Incentivized | Verified Purchaser
iPhone 17 Pro Max,5,positive,0.9773,0.9656,0.0232,0.0111,1.0,99.04,1,94,3 months ago,Incentivized | Verified Purchaser
iPhone 17 Pro Max,5,positive,0.9797,0.9657,0.028,0.0062,1.0,99.17,1,98,4 months ago,Incentivized | Verified Purchaser | Owned for 1 month
iPhone 17 Pro Max,5,positive,0.9912,0.9854,0.0116,0.003,1.0,99.82,1,71,2 months ago,Incentivized | Verified Purchaser | Owned for 1 week
iPhone 17 Pro Max,5,positive,0.993,0.9883,0.0094,0.0023,1.0,99.92,1,62,2 months ago,Incentivized | Verified Purchaser | Owned for 3 weeks
iPhone 17 Pro Max,5,positive,0.9902,0.9852,0.01,0.0048,1.0,99.76,1,92,4 months ago,Incentivized | Verified Purchaser
iPhone 17 Pro Max,5,positive,0.9877,0.98,0.0153,0.0046,1.0,99.62,1,163,5 months ago,Incentivized | Verified Purchaser | Owned for 3 weeks
iPhone 17 Pro Max,5,positive,0.9932,0.9898,0.0066,0.0035,1.0,99.93,1,91,3 months ago,Incentivized | Verified Purchaser | Owned for 1 month
iPhone 17 Pro Max,5,positive,0.991,0.9871,0.0079,0.0051,1.0,99.8,1,176,6 months ago,Incentivized | Verified Purchaser
iPhone 17 Pro Max,5,positive,0.9929,0.9875,0.0108,0.0017,1.0,99.91,1,54,2 months ago,Incentivized | Verified Purchaser | Owned for 3 weeks
iPhone 17 Pro Max,5,positive,0.9926,0.9878,0.0096,0.0026,1.0,99.89,1,131,4 days ago,Incentivized | Verified Purchaser | Owned for 5 months
iPhone 17 Pro Max,5,positive,0.9934,0.9894,0.0081,0.0025,1.0,99.94,1,92,4 months ago,Incentivized | Verified Purchaser | Owned for 3 weeks
iPhone 17 Pro Max,5,positive,0.718,0.5193,0.3972,0.0834,1.0,84.53,1,293,2 months ago,Incentivized | Verified Purchaser | Owned for 1 week
iPhone 17 Pro Max,5,positive,0.9938,0.9909,0.0059,0.0032,1.0,99.96,1,81,3 months ago,Incentivized | Verified Purchaser | Best Buy Employee | Owned for 2 weeks
iPhone 17 Pro Max,5,positive,0.8829,0.7863,0.1931,0.0205,1.0,93.75,1,88,4 months ago,Incentivized | Verified Purchaser | Owned for 1 month
iPhone 17 Pro Max,5,positive,0.9921,0.9872,0.0099,0.003,1.0,99.87,1,80,4 days ago,Incentivized | Verified Purchaser | Owned for 1 month
iPhone 17 Pro Max,5,positive,0.9911,0.9862,0.0098,0.004,1.0,99.81,1,100,4 months ago,Incentivized | Verified Purchaser | Owned for 1 week
iPhone 17 Pro Max,5,positive,0.9919,0.9877,0.0084,0.0039,1.0,99.85,1,79,1 day ago,Incentivized | Verified Purchaser | Owned for 3 weeks
iPhone 17 Pro Max,5,positive,0.9908,0.9845,0.0126,0.0028,1.0,99.79,1,73,3 months ago,Incentivized | Verified Purchaser | Owned for 2 weeks
iPhone 17 Pro Max,5,positive,0.9886,0.9812,0.0149,0.0039,1.0,99.67,1,134,5 months ago,Incentivized | Verified Purchaser
iPhone 17 Pro Max,5,positive,0.9927,0.9894,0.0067,0.0039,1.0,99.9,1,66,4 months ago,Incentivized | Verified Purchaser | Best Buy Employee | Owned for 1 month
iPhone 17 Pro Max,5,positive,0.9934,0.9899,0.007,0.0031,1.0,99.94,1,68,3 months ago,Incentivized | Verified Purchaser
iPhone 17 Pro Max,5,positive,0.988,0.9806,0.0147,0.0047,1.0,99.64,1,139,1 week ago,Incentivized | Verified Purchaser | Owned for 1 month
iPhone 17 Pro Max,5,positive,0.9907,0.9842,0.013,0.0028,1.0,99.79,1,87,4 months ago,Incentivized | Verified Purchaser
iPhone 17 Pro Max,5,positive,0.9864,0.9767,0.0194,0.0039,1.0,99.55,1,112,6 days ago,Incentivized | Verified Purchaser | Owned for 1 week
iPhone 17 Pro Max,5,positive,0.984,0.9723,0.0233,0.0044,1.0,99.41,1,64,3 months ago,Incentivized | Verified Purchaser | Owned for 1 month
iPhone 17 Pro Max,5,positive,0.9899,0.9828,0.0141,0.003,1.0,99.74,1,163,3 weeks ago,Incentivized | Verified Purchaser | Owned for 3 weeks
iPhone 17 Pro Max,5,positive,0.992,0.9885,0.007,0.0045,1.0,99.86,1,127,5 months ago,Incentivized | Verified Purchaser
iPhone 17 Pro Max,5,positive,0.9935,0.9901,0.0067,0.0032,1.0,99.94,1,125,5 months ago,Incentivized | Verified Purchaser
iPhone 17 Pro Max,5,positive,0.9881,0.9801,0.0161,0.0038,1.0,99.64,1,58,4 months ago,Incentivized | Verified Purchaser
iPhone 17 Pro Max,5,positive,0.9924,0.9885,0.0078,0.0037,1.0,99.88,1,125,5 months ago,Incentivized | Verified Purchaser
iPhone 17 Pro Max,5,positive,0.9914,0.9869,0.0089,0.0042,1.0,99.83,1,108,5 months ago,Incentivized | Verified Purchaser
iPhone 17 Pro Max,5,positive,0.9887,0.9811,0.0152,0.0037,1.0,99.68,1,57,4 months ago,Incentivized | Verified Purchaser
iPhone 17 Pro Max,5,positive,0.9885,0.9808,0.0154,0.0037,1.0,99.66,1,154,3 weeks ago,Incentivized | Verified Purchaser | Owned for 1 month
iPhone 17 Pro Max,5,positive,0.9932,0.99,0.0064,0.0036,1.0,99.93,1,76,,Incentivized | Verified Purchaser
iPhone 17 Pro Max,5,positive,0.9913,0.9865,0.0095,0.0039,1.0,99.82,1,120,6 months ago,Incentivized | Verified Purchaser
iPhone 17 Pro Max,5,positive,0.9925,0.9892,0.0066,0.0042,1.0,99.89,1,75,4 months ago,Incentivized | Verified Purchaser
iPhone 17 Pro Max,5,positive,0.9923,0.9874,0.0098,0.0028,1.0,99.88,1,138,6 months ago,Incentivized | Verified Purchaser | Best Buy Employee
iPhone 17 Pro Max,5,positive,0.8336,0.6839,0.2994,0.0167,1.0,90.99,1,120,6 months ago,Incentivized | Verified Purchaser
iPhone 17 Pro Max,5,positive,0.9918,0.9881,0.0074,0.0045,1.0,99.85,1,57,4 months ago,Incentivized | Verified Purchaser | Owned for 1 month
iPhone 17 Pro Max,5,positive,0.9914,0.9873,0.0083,0.0044,1.0,99.83,1,70,4 months ago,Incentivized | Verified Purchaser | Owned for 2 weeks
iPhone 17 Pro Max,5,positive,0.9876,0.9819,0.0115,0.0066,1.0,99.61,1,54,2 days ago,Incentivized | Verified Purchaser | Owned for 6 months
iPhone 17 Pro Max,5,positive,0.991,0.985,0.0119,0.0031,1.0,99.8,1,61,4 months ago,Incentivized | Verified Purchaser | Owned for 1 month
iPhone 17 Pro Max,5,positive,0.9868,0.9779,0.0176,0.0044,1.0,99.57,1,65,4 months ago,Incentivized | Verified Purchaser
iPhone 17 Pro Max,5,positive,0.9904,0.9855,0.0098,0.0048,1.0,99.77,1,135,3 weeks ago,Incentivized | Verified Purchaser
iPhone 17 Pro Max,5,positive,0.9936,0.9903,0.0066,0.003,1.0,99.95,1,62,4 months ago,Incentivized | Verified Purchaser | Owned for 2 months
iPhone 17 Pro Max,5,positive,0.9933,0.9891,0.0083,0.0026,1.0,99.93,1,87,5 months ago,Incentivized | Verified Purchaser
iPhone 17 Pro Max,5,positive,0.9923,0.9889,0.0067,0.0044,1.0,99.88,1,53,4 months ago,Incentivized | Verified Purchaser
iPhone 17 Pro Max,5,positive,0.9919,0.9871,0.0097,0.0032,1.0,99.85,1,99,5 months ago,Incentivized | Verified Purchaser | Owned for 2 weeks
iPhone 17 Pro Max,5,positive,0.9896,0.9839,0.0114,0.0047,1.0,99.73,1,79,5 months ago,Incentivized | Verified Purchaser
iPhone 17 Pro Max,5,positive,0.9933,0.9901,0.0065,0.0034,1.0,99.93,1,75,5 days ago,Incentivized | Verified Purchaser | Owned for 6 months
iPhone 17 Pro Max,5,positive,0.9899,0.9844,0.0111,0.0045,1.0,99.74,1,83,5 months ago,Incentivized | Verified Purchaser
iPhone 17 Pro Max,5,positive,0.9927,0.9881,0.0093,0.0026,1.0,99.9,1,76,5 months ago,Incentivized | Verified Purchaser
iPhone 17 Pro Max,5,positive,0.9897,0.9834,0.0126,0.004,1.0,99.73,1,98,6 months ago,Incentivized | Verified Purchaser | Owned for 2 weeks
iPhone 17 Pro Max,5,positive,0.9936,0.99,0.0071,0.0028,1.0,99.95,1,51,5 months ago,Incentivized | Verified Purchaser
iPhone 17 Pro Max,5,positive,0.9904,0.9827,0.0153,0.002,1.0,99.77,1,80,5 months ago,Incentivized | Verified Purchaser
iPhone 17 Pro Max,5,positive,0.9885,0.9794,0.0183,0.0023,1.0,99.66,1,74,5 months ago,Incentivized | Verified Purchaser
iPhone 17 Pro Max,5,positive,0.9928,0.9889,0.0078,0.0033,1.0,99.9,1,102,6 months ago,Incentivized | Verified Purchaser
iPhone 17 Pro Max,4,positive,0.989,0.9828,0.0124,0.0048,0.75,88.24,1,52,1 month ago,Incentivized | Verified Purchaser | Owned for 3 weeks
iPhone 17 Pro Max,4,positive,0.987,0.9793,0.0153,0.0054,0.75,88.13,1,159,,Incentivized | Verified Purchaser | Owned for 2 weeks
iPhone 17 Pro Max,5,positive,0.9872,0.9786,0.0172,0.0042,1.0,99.59,1,70,5 months ago,Incentivized | Verified Purchaser | Owned for 3 weeks
iPhone 17 Pro Max,5,positive,0.9917,0.9868,0.0098,0.0033,1.0,99.84,1,58,4 months ago,Incentivized | Verified Purchaser
iPhone 17 Pro Max,5,positive,0.9934,0.9899,0.007,0.0031,1.0,99.94,1,98,6 months ago,Incentivized | Verified Purchaser
iPhone 17 Pro Max,5,positive,0.9937,0.9902,0.0069,0.0029,1.0,99.96,1,174,2 months ago,Incentivized | Verified Purchaser | Owned for 3 weeks
iPhone 17 Pro Max,5,positive,0.9918,0.9872,0.0093,0.0036,1.0,99.85,1,171,2 months ago,Incentivized | Verified Purchaser | Owned for 2 weeks
iPhone 17 Pro Max,5,positive,0.9927,0.9897,0.0058,0.0044,1.0,99.9,1,93,2 weeks ago,Incentivized | Verified Purchaser | Owned for 1 month
iPhone 17 Pro Max,5,positive,0.9894,0.9831,0.0128,0.0042,1.0,99.71,1,91,2 weeks ago,Incentivized | Verified Purchaser | Best Buy Employee | Owned for 6 months
iPhone 17 Pro Max,5,positive,0.9886,0.9804,0.0164,0.0032,1.0,99.67,1,107,3 weeks ago,Incentivized | Verified Purchaser | Owned for 4 months
iPhone 17 Pro Max,5,positive,0.9945,0.9917,0.0055,0.0028,1.0,100.0,1,74,5 months ago,Incentivized | Verified Purchaser
iPhone 17 Pro Max,5,positive,0.992,0.9876,0.0088,0.0036,1.0,99.86,1,67,5 months ago,Incentivized | Verified Purchaser | Owned for 1 week
iPhone 17 Pro Max,5,positive,0.9937,0.9894,0.0086,0.002,1.0,99.96,1,81,6 months ago,Incentivized | Verified Purchaser
iPhone 17 Pro Max,5,positive,0.9931,0.9893,0.0076,0.0032,1.0,99.92,1,101,3 weeks ago,Incentivized | Verified Purchaser | Owned for 2 weeks
iPhone 17 Pro Max,5,neutral,0.6598,0.4245,0.4705,0.1049,1.0,81.27,0,76,1 week ago,Incentivized | Verified Purchaser | Owned for 4 months
iPhone 17 Pro Max,5,positive,0.9905,0.9845,0.0121,0.0034,1.0,99.78,1,68,5 months ago,Incentivized | Verified Purchaser | Owned for 1 month
iPhone 17 Pro Max,5,positive,0.9904,0.9849,0.0109,0.0042,1.0,99.77,1,391,6 months ago,Incentivized | Verified Purchaser
iPhone 17 Pro Max,5,positive,0.9714,0.9459,0.051,0.0031,1.0,98.71,1,58,5 months ago,Incentivized | Verified Purchaser | Owned for 1 month
iPhone 17 Pro Max,4,positive,0.9909,0.9846,0.0125,0.0029,0.75,88.35,1,161,5 months ago,Incentivized | Verified Purchaser
iPhone 17 Pro Max,5,positive,0.9933,0.9895,0.0076,0.003,1.0,99.93,1,76,2 weeks ago,Incentivized | Verified Purchaser | Owned for 3 weeks
iPhone 17 Pro Max,5,positive,0.9895,0.9833,0.0124,0.0043,1.0,99.72,1,67,6 months ago,Incentivized | Verified Purchaser
iPhone 17 Pro Max,5,positive,0.9944,0.9915,0.0057,0.0028,1.0,99.99,1,67,6 months ago,Incentivized | Verified Purchaser
iPhone 17 Pro Max,5,positive,0.9922,0.988,0.0083,0.0037,1.0,99.87,1,65,5 months ago,Incentivized | Verified Purchaser
iPhone 17 Pro Max,5,positive,0.9925,0.9887,0.0077,0.0036,1.0,99.89,1,64,5 months ago,Incentivized | Verified Purchaser
iPhone 17 Pro Max,5,positive,0.9906,0.9856,0.01,0.0044,1.0,99.78,1,50,5 months ago,Incentivized | Verified Purchaser
iPhone 17 Pro Max,5,positive,0.9657,0.9417,0.048,0.0103,1.0,98.39,1,100,1 month ago,Incentivized | Verified Purchaser | Owned for 3 weeks
iPhone 17 Pro Max,5,positive,0.9905,0.9846,0.0117,0.0037,1.0,99.78,1,54,5 months ago,Incentivized | Verified Purchaser | Owned for 1 month
iPhone 17 Pro Max,5,positive,0.9086,0.8536,0.11,0.0364,1.0,95.19,1,65,2 weeks ago,Incentivized | Verified Purchaser | Owned for 2 weeks
iPhone 17 Pro Max,5,positive,0.9929,0.9894,0.007,0.0036,1.0,99.91,1,62,6 months ago,Incentivized | Verified Purchaser
iPhone 17 Pro Max,5,positive,0.9927,0.9884,0.0086,0.003,1.0,99.9,1,57,6 months ago,Incentivized | Verified Purchaser
iPhone 17 Pro Max,5,positive,0.9918,0.9869,0.0098,0.0034,1.0,99.85,1,289,5 months ago,Incentivized | Verified Purchaser
iPhone 17 Pro Max,5,positive,0.9901,0.984,0.0122,0.0038,1.0,99.75,1,57,6 months ago,Incentivized | Verified Purchaser
iPhone 17 Pro Max,5,positive,0.9902,0.9855,0.0095,0.005,1.0,99.76,1,66,6 months ago,Incentivized | Verified Purchaser
iPhone 17 Pro Max,5,positive,0.993,0.9893,0.0074,0.0032,1.0,99.92,1,79,3 weeks ago,Incentivized | Verified Purchaser | Owned for 2 weeks
iPhone 17 Pro Max,4,positive,0.9254,0.8775,0.0958,0.0267,0.75,84.69,1,78,3 months ago,Incentivized | Verified Purchaser | Owned for 2 months
iPhone 17 Pro Max,5,positive,0.993,0.9891,0.0078,0.0031,1.0,99.92,1,61,6 months ago,Incentivized | Verified Purchaser
iPhone 17 Pro Max,5,positive,0.9921,0.9877,0.0087,0.0035,1.0,99.87,1,58,6 months ago,Incentivized | Verified Purchaser
iPhone 17 Pro Max,5,positive,0.9939,0.9898,0.0082,0.002,1.0,99.97,1,63,6 months ago,Incentivized | Verified Purchaser | Owned for 3 weeks
iPhone 17 Pro Max,5,positive,0.9915,0.987,0.009,0.004,1.0,99.83,1,50,1 week ago,Incentivized | Verified Purchaser | Owned for 2 weeks
iPhone 17 Pro Max,5,positive,0.992,0.9871,0.0097,0.0031,1.0,99.86,1,58,2 weeks ago,Incentivized | Verified Purchaser | Owned for 6 months
iPhone 17 Pro Max,5,positive,0.9859,0.9754,0.0209,0.0037,1.0,99.52,1,59,6 months ago,Incentivized | Verified Purchaser
iPhone 17 Pro Max,5,positive,0.9941,0.9907,0.0069,0.0024,1.0,99.98,1,54,6 months ago,Incentivized | Verified Purchaser
iPhone 17 Pro Max,5,positive,0.9923,0.9871,0.0105,0.0025,1.0,99.88,1,59,2 weeks ago,Incentivized | Verified Purchaser | Owned for 5 months
iPhone 17 Pro Max,5,positive,0.9909,0.9865,0.0088,0.0047,1.0,99.8,1,51,6 months ago,Incentivized | Verified Purchaser
iPhone 17 Pro Max,5,positive,0.9926,0.9886,0.008,0.0034,1.0,99.89,1,258,5 months ago,Incentivized | Verified Purchaser | Owned for 1 month
iPhone 17 Pro Max,5,positive,0.9882,0.9828,0.0107,0.0065,1.0,99.65,1,58,6 months ago,Incentivized | Verified Purchaser
iPhone 17 Pro Max,5,positive,0.992,0.9884,0.0073,0.0043,1.0,99.86,1,75,1 month ago,Incentivized | Verified Purchaser | Owned for 4 months
iPhone 17 Pro Max,5,positive,0.9659,0.9376,0.0567,0.0058,1.0,98.4,1,71,1 month ago,Incentivized | Verified Purchaser | Owned for 1 month
iPhone 17 Pro Max,5,positive,0.9919,0.9864,0.0111,0.0025,1.0,99.85,1,145,2 months ago,Incentivized | Verified Purchaser
iPhone 17 Pro Max,5,positive,0.9888,0.9806,0.0164,0.003,1.0,99.68,1,21,2 weeks ago,Incentivized | Verified Purchaser | Owned for 1 month
iPhone 17 Pro Max,4,positive,0.9919,0.9867,0.0104,0.0029,0.75,88.41,1,117,5 days ago,Incentivized | Verified Purchaser | Owned for less than 1 week
iPhone 17 Pro Max,5,positive,0.9935,0.9901,0.0068,0.0031,1.0,99.94,1,58,3 weeks ago,Incentivized | Verified Purchaser | Owned for 1 month
iPhone 17 Pro Max,5,positive,0.9695,0.9463,0.0462,0.0074,1.0,98.6,1,57,3 weeks ago,Incentivized | Verified Purchaser | Owned for 1 month
iPhone 17 Pro Max,5,positive,0.9883,0.9797,0.0172,0.0031,1.0,99.65,1,62,1 month ago,Incentivized | Verified Purchaser | Owned for 1 month
iPhone 17 Pro Max,5,positive,0.9874,0.9793,0.0164,0.0044,1.0,99.6,1,102,2 months ago,Incentivized | Verified Purchaser | Owned for 2 weeks
iPhone 17 Pro Max,5,positive,0.9905,0.9852,0.0106,0.0042,1.0,99.78,1,185,4 months ago,Incentivized | Verified Purchaser | Owned for 2 months
iPhone 17 Pro Max,5,positive,0.9915,0.9854,0.0122,0.0024,1.0,99.83,1,200,4 months ago,Incentivized | Verified Purchaser
iPhone 17 Pro Max,5,positive,0.9874,0.9806,0.0136,0.0058,1.0,99.6,1,143,3 months ago,Incentivized | Verified Purchaser | Owned for 2 weeks
iPhone 17 Pro Max,5,positive,0.9925,0.9885,0.0079,0.0036,1.0,99.89,1,51,,Incentivized | Verified Purchaser | Owned for 5 months
iPhone 17 Pro Max,4,positive,0.7813,0.6628,0.2369,0.1002,0.75,76.62,1,447,5 months ago,Incentivized | Verified Purchaser | Owned for 1 month
iPhone 17 Pro Max,5,positive,0.9935,0.9894,0.0082,0.0024,1.0,99.94,1,126,2 months ago,Incentivized | Verified Purchaser
iPhone 17 Pro Max,5,positive,0.9912,0.9866,0.0093,0.0041,1.0,99.82,1,258,5 months ago,Incentivized | Verified Purchaser
iPhone 17 Pro Max,5,positive,0.9922,0.9884,0.0076,0.004,1.0,99.87,1,54,1 month ago,Incentivized | Verified Purchaser | Owned for 3 weeks
iPhone 17 Pro Max,5,positive,0.9801,0.9667,0.0268,0.0065,1.0,99.19,1,87,1 month ago,Incentivized | Verified Purchaser
iPhone 17 Pro Max,5,positive,0.9722,0.959,0.0264,0.0145,1.0,98.75,1,207,5 months ago,Incentivized | Verified Purchaser
iPhone 17 Pro Max,5,positive,0.9937,0.9903,0.0068,0.003,1.0,99.96,1,74,2 months ago,Incentivized | Verified Purchaser | Owned for 3 weeks
iPhone 17 Pro Max,5,positive,0.9927,0.9888,0.0078,0.0034,1.0,99.9,1,135,4 months ago,Incentivized | Verified Purchaser
iPhone 17 Pro Max,4,positive,0.9744,0.9541,0.0408,0.0052,0.75,87.43,1,73,5 months ago,Incentivized | Verified Purchaser
iPhone 17 Pro Max,5,positive,0.9899,0.9826,0.0145,0.0029,1.0,99.74,1,131,3 months ago,Incentivized | Verified Purchaser | Owned for 2 weeks
iPhone 17 Pro Max,5,positive,0.9815,0.9702,0.0225,0.0073,1.0,99.27,1,54,1 month ago,Incentivized | Verified Purchaser
iPhone 17 Pro Max,5,positive,0.9905,0.9852,0.0107,0.0041,1.0,99.78,1,58,2 months ago,Incentivized | Verified Purchaser | Owned for 2 weeks
iPhone 17 Pro Max,5,positive,0.9924,0.9886,0.0076,0.0038,1.0,99.88,1,52,2 months ago,Incentivized | Verified Purchaser | Owned for 3 weeks
iPhone 17 Pro Max,1,negative,0.0685,0.0144,0.1081,0.8774,0.0,2.38,1,661,1 month ago,Incentivized | Verified Purchaser | Owned for 5 months
iPhone 17 Pro Max,5,positive,0.9931,0.9897,0.0068,0.0035,1.0,99.92,1,50,2 months ago,Incentivized | Verified Purchaser | Owned for 1 month
iPhone 17 Pro Max,5,positive,0.9826,0.9685,0.0283,0.0032,1.0,99.33,1,99,3 months ago,Incentivized | Verified Purchaser
iPhone 17 Pro Max,5,positive,0.9936,0.9901,0.007,0.0029,1.0,99.95,1,138,4 months ago,Incentivized | Verified Purchaser | Owned for 1 week
iPhone 17 Pro Max,5,positive,0.9927,0.9895,0.0065,0.0041,1.0,99.9,1,189,6 months ago,Incentivized | Verified Purchaser | Owned for 1 week
iPhone 17 Pro Max,5,positive,0.9916,0.9867,0.0099,0.0034,1.0,99.84,1,75,3 months ago,Incentivized | Verified Purchaser | Owned for 1 month
iPhone 17 Pro Max,5,positive,0.9904,0.9855,0.0097,0.0048,1.0,99.77,1,83,3 months ago,Incentivized | Verified Purchaser | Owned for 1 month
iPhone 17 Pro Max,5,positive,0.9799,0.9671,0.0255,0.0074,1.0,99.18,1,147,6 months ago,Incentivized | Verified Purchaser
iPhone 17 Pro Max,5,positive,0.9527,0.9107,0.0839,0.0053,1.0,97.66,1,63,3 months ago,Incentivized | Verified Purchaser | Owned for 3 weeks
iPhone 17 Pro Max,5,positive,0.9852,0.9747,0.021,0.0043,1.0,99.48,1,80,3 months ago,Incentivized | Verified Purchaser
iPhone 17 Pro Max,5,positive,0.9918,0.9865,0.0107,0.0028,1.0,99.85,1,58,3 months ago,Incentivized | Verified Purchaser
iPhone 17 Pro Max,5,positive,0.9932,0.9899,0.0066,0.0035,1.0,99.93,1,71,4 months ago,Incentivized | Verified Purchaser | Owned for less than 1 week
iPhone 17 Pro Max,5,positive,0.9928,0.9889,0.0078,0.0033,1.0,99.9,1,68,4 months ago,Incentivized | Verified Purchaser | Owned for 1 week
iPhone 17 Pro Max,5,positive,0.9916,0.9859,0.0114,0.0027,1.0,99.84,1,95,4 months ago,Incentivized | Verified Purchaser | Owned for 2 weeks
iPhone 17 Pro Max,4,positive,0.9879,0.9795,0.0169,0.0037,0.75,88.18,1,51,3 weeks ago,Incentivized | Verified Purchaser | Owned for 2 months
iPhone 17 Pro Max,5,positive,0.9378,0.8852,0.1052,0.0096,1.0,96.83,1,115,5 months ago,Incentivized | Verified Purchaser | Owned for less than 1 week
iPhone 17 Pro Max,5,positive,0.9769,0.9565,0.0408,0.0028,1.0,99.01,1,84,4 months ago,Incentivized | Verified Purchaser
iPhone 17 Pro Max,5,positive,0.9914,0.9848,0.0132,0.002,1.0,99.83,1,73,4 months ago,Incentivized | Verified Purchaser
iPhone 17 Pro Max,5,positive,0.9926,0.9892,0.007,0.0039,1.0,99.89,1,57,4 months ago,Incentivized | Verified Purchaser | Owned for 1 month
iPhone 17 Pro Max,5,positive,0.9919,0.9878,0.0082,0.004,1.0,99.85,1,60,,Incentivized | Verified Purchaser | Owned for 1 month
iPhone 17 Pro Max,5,positive,0.9932,0.9889,0.0085,0.0025,1.0,99.93,1,87,4 months ago,Incentivized | Verified Purchaser
iPhone 17 Pro Max,5,positive,0.9914,0.9861,0.0106,0.0033,1.0,99.83,1,128,6 months ago,Incentivized | Verified Purchaser
iPhone 17 Pro Max,5,positive,0.9879,0.9829,0.0099,0.0072,1.0,99.63,1,50,4 months ago,Incentivized | Verified Purchaser
iPhone 17 Pro Max,5,positive,0.9937,0.9892,0.0091,0.0018,1.0,99.96,1,72,4 months ago,Incentivized | Verified Purchaser | Owned for 3 weeks
iPhone 17 Pro Max,5,positive,0.9902,0.9843,0.0119,0.0038,1.0,99.76,1,91,5 months ago,Incentivized | Verified Purchaser
iPhone 17 Pro Max,5,positive,0.9896,0.9819,0.0156,0.0026,1.0,99.73,1,63,,Incentivized | Verified Purchaser | Best Buy Employee | Owned for 2 months
iPhone 17 Pro Max,5,positive,0.9895,0.9827,0.0136,0.0037,1.0,99.72,1,82,5 months ago,Incentivized | Verified Purchaser | Owned for less than 1 week
iPhone 17 Pro Max,5,positive,0.9913,0.9866,0.0093,0.0041,1.0,99.82,1,69,4 months ago,Incentivized | Verified Purchaser | Owned for 2 weeks
iPhone 17 Pro Max,5,positive,0.9922,0.9883,0.0078,0.0039,1.0,99.87,1,87,5 months ago,Incentivized | Verified Purchaser
iPhone 17 Pro Max,5,positive,0.9927,0.9891,0.0071,0.0037,1.0,99.9,1,91,5 months ago,Incentivized | Verified Purchaser
iPhone 17 Pro Max,5,neutral,0.5941,0.2793,0.6295,0.0912,1.0,77.59,0,96,5 months ago,Incentivized | Verified Purchaser | Owned for 3 weeks
iPhone 17 Pro Max,5,positive,0.9009,0.822,0.1577,0.0203,1.0,94.76,1,0,4 months ago,Incentivized | Verified Purchaser | Owned for 2 weeks
iPhone 17 Pro Max,5,positive,0.9912,0.986,0.0102,0.0037,1.0,99.82,1,86,5 months ago,Incentivized | Verified Purchaser | Owned for 2 weeks
iPhone 17 Pro Max,5,positive,0.9311,0.8722,0.1178,0.01,1.0,96.45,1,76,5 months ago,Incentivized | Verified Purchaser
iPhone 17 Pro Max,5,positive,0.9823,0.968,0.0287,0.0033,1.0,99.32,1,108,6 months ago,Incentivized | Verified Purchaser
iPhone 17 Pro Max,5,positive,0.9921,0.9887,0.0068,0.0045,1.0,99.87,1,53,4 months ago,Incentivized | Verified Purchaser
iPhone 17 Pro Max,5,positive,0.9623,0.9401,0.0444,0.0155,1.0,98.2,1,79,5 months ago,Incentivized | Verified Purchaser
iPhone 17 Pro Max,4,neutral,0.4597,0.2397,0.4401,0.3202,0.75,58.62,0,216,6 months ago,Incentivized | Verified Purchaser
iPhone 17 Pro Max,4,neutral,0.4597,0.2397,0.4401,0.3202,0.75,58.62,0,216,6 months ago,Incentivized | Verified Purchaser
iPhone 17 Pro Max,5,positive,0.9672,0.9392,0.0559,0.0049,1.0,98.47,1,58,5 months ago,Incentivized | Verified Purchaser | Owned for 3 weeks
iPhone 17 Pro Max,5,positive,0.9581,0.9333,0.0496,0.0171,1.0,97.96,1,70,5 months ago,Incentivized | Verified Purchaser | Owned for 1 week
iPhone 17 Pro Max,5,positive,0.9889,0.9806,0.0167,0.0027,1.0,99.69,1,70,5 months ago,Incentivized | Verified Purchaser
iPhone 17 Pro Max,5,positive,0.9869,0.9799,0.014,0.0062,1.0,99.57,1,52,5 months ago,Incentivized | Verified Purchaser
iPhone 17 Pro Max,5,positive,0.9865,0.9763,0.0204,0.0033,1.0,99.55,1,72,5 months ago,Incentivized | Verified Purchaser
iPhone 17 Pro Max,5,positive,0.9829,0.971,0.0238,0.0052,1.0,99.35,1,63,5 months ago,Incentivized | Verified Purchaser
iPhone 17 Pro Max,5,positive,0.9902,0.9853,0.0099,0.0048,1.0,99.76,1,73,6 months ago,Incentivized | Verified Purchaser
iPhone 17 Pro Max,4,positive,0.9697,0.9509,0.0376,0.0115,0.75,87.16,1,188,5 months ago,Incentivized | Verified Purchaser
iPhone 17 Pro Max,5,positive,0.992,0.9885,0.007,0.0045,1.0,99.86,1,72,6 months ago,Incentivized | Verified Purchaser
iPhone 17 Pro Max,5,positive,0.9826,0.9697,0.0258,0.0045,1.0,99.33,1,66,6 months ago,Incentivized | Verified Purchaser
iPhone 17 Pro Max,5,positive,0.9914,0.9877,0.0074,0.0049,1.0,99.83,1,74,6 months ago,Incentivized | Verified Purchaser
iPhone 17 Pro Max,5,positive,0.9898,0.9829,0.0139,0.0032,1.0,99.74,1,62,6 months ago,Incentivized | Verified Purchaser | Owned for 2 weeks
iPhone 17 Pro Max,5,positive,0.8839,0.7915,0.1847,0.0237,1.0,93.81,1,59,6 months ago,Incentivized | Verified Purchaser
iPhone 17 Pro Max,4,positive,0.9827,0.9676,0.0302,0.0022,0.75,87.89,1,53,2 months ago,Incentivized | Verified Purchaser | Owned for 2 months
iPhone 17 Pro Max,5,positive,0.9345,0.8751,0.1189,0.006,1.0,96.64,1,58,6 months ago,Incentivized | Verified Purchaser
iPhone 17 Pro Max,5,positive,0.9875,0.9805,0.0141,0.0054,1.0,99.61,1,50,5 months ago,Incentivized | Verified Purchaser
iPhone 17 Pro Max,5,positive,0.9908,0.9845,0.0128,0.0028,1.0,99.79,1,65,6 months ago,Incentivized | Verified Purchaser
iPhone 17 Pro Max,5,positive,0.9938,0.9908,0.006,0.0032,1.0,99.96,1,52,6 months ago,Incentivized | Verified Purchaser | Owned for 3 weeks
iPhone 17 Pro Max,5,positive,0.9918,0.9866,0.0104,0.003,1.0,99.85,1,58,6 months ago,Incentivized | Verified Purchaser
iPhone 17 Pro Max,4,positive,0.9268,0.8708,0.1121,0.0171,0.75,84.76,1,75,4 months ago,Incentivized | Verified Purchaser | Owned for 3 weeks
iPhone 17 Pro Max,4,positive,0.8442,0.7412,0.206,0.0528,0.75,80.14,1,76,3 months ago,Incentivized | Verified Purchaser
iPhone 17 Pro Max,5,positive,0.9843,0.9782,0.0121,0.0097,1.0,99.43,1,54,6 months ago,Incentivized | Verified Purchaser | Owned for 2 weeks
iPhone 17 Pro Max,4,positive,0.953,0.9213,0.0634,0.0153,0.75,86.23,1,57,4 months ago,Incentivized | Verified Purchaser
iPhone 17 Pro Max,4,negative,0.2427,0.1491,0.1872,0.6637,0.75,46.48,0,79,6 months ago,Incentivized | Verified Purchaser
iPhone 17 Pro Max,3,negative,0.0484,0.0122,0.0723,0.9155,0.5,24.15,1,73,2 months ago,Incentivized | Verified Purchaser | Owned for 1 month
iPhone 17 Pro Max,1,negative,0.0958,0.0211,0.1495,0.8294,0.0,3.91,1,345,1 month ago,Incentivized | Verified Purchaser
iPhone 17 Pro Max,2,negative,0.0432,0.006,0.0743,0.9197,0.25,12.42,1,351,6 months ago,Incentivized | Verified Purchaser
iPhone 17 Pro Max,1,negative,0.0698,0.009,0.1216,0.8694,0.0,2.46,1,214,1 month ago,Incentivized | Verified Purchaser | Owned for 2 months
iPhone 17 Pro Max,3,negative,0.0423,0.0086,0.0674,0.9241,0.5,23.81,1,64,5 months ago,Incentivized | Verified Purchaser | Owned for 1 month
iPhone 17 Pro Max,1,negative,0.0275,0.0089,0.0372,0.9539,0.0,0.09,1,266,2 months ago,Incentivized | Verified Purchaser
iPhone 17 Pro Max,1,negative,0.0516,0.0067,0.0898,0.9035,0.0,1.44,1,70,1 month ago,Incentivized | Verified Purchaser
iPhone 17 Pro Max,1,negative,0.0411,0.0056,0.071,0.9234,0.0,0.85,1,137,3 months ago,Incentivized | Verified Purchaser | Owned for 1 month
iPhone 17 Pro Max,5,positive,0.9629,0.9335,0.0588,0.0077,1.0,98.23,1,421,5 months ago,Incentivized
iPhone 17 Pro Max,1,negative,0.0556,0.0104,0.0905,0.8992,0.0,1.66,1,128,6 months ago,Incentivized | Verified Purchaser | Owned for 2 weeks
iPhone 17 Pro Max,1,negative,0.0492,0.006,0.0865,0.9075,0.0,1.3,1,83,5 months ago,Incentivized | Verified Purchaser
iPhone 17 Pro Max,1,negative,0.0527,0.0103,0.0847,0.905,0.0,1.5,1,66,6 months ago,Incentivized | Verified Purchaser | Owned for 2 weeks
Google Pixel 10 Pro,5,positive,0.9912,0.9853,0.0118,0.0029,1.0,99.82,1,1573,7 months ago,Incentivized | Verified Purchaser
Google Pixel 10 Pro,5,positive,0.9858,0.9768,0.0181,0.0051,1.0,99.51,1,1468,6 months ago,Incentivized | Verified Purchaser | Owned for 1 week
Google Pixel 10 Pro,5,positive,0.9385,0.893,0.0911,0.0159,1.0,96.87,1,903,3 months ago,Incentivized | Verified Purchaser | Owned for 2 weeks
Google Pixel 10 Pro,5,positive,0.9905,0.9855,0.01,0.0045,1.0,99.78,1,485,7 months ago,Incentivized | Verified Purchaser | Owned for 1 week
Google Pixel 10 Pro,5,positive,0.9711,0.9481,0.0459,0.006,1.0,98.69,1,877,2 months ago,Incentivized | Verified Purchaser | Owned for 1 month
Google Pixel 10 Pro,5,positive,0.9817,0.9698,0.0239,0.0064,1.0,99.28,1,860,4 months ago,Incentivized | Verified Purchaser
Google Pixel 10 Pro,5,positive,0.9711,0.9489,0.0444,0.0067,1.0,98.69,1,1608,7 months ago,Incentivized | Verified Purchaser | Owned for 2 weeks
Google Pixel 10 Pro,5,positive,0.9867,0.9765,0.0205,0.003,1.0,99.56,1,304,5 months ago,Incentivized | Verified Purchaser
Google Pixel 10 Pro,4,positive,0.9895,0.9831,0.0129,0.004,0.75,88.27,1,337,4 months ago,Incentivized | Verified Purchaser | Owned for 3 weeks
Google Pixel 10 Pro,5,positive,0.9692,0.9505,0.0374,0.0121,1.0,98.58,1,768,6 months ago,Incentivized | Verified Purchaser
Google Pixel 10 Pro,4,positive,0.9836,0.9741,0.019,0.0069,0.75,87.94,1,429,6 months ago,Incentivized | Verified Purchaser | Owned for 2 weeks
Google Pixel 10 Pro,5,positive,0.9894,0.9832,0.0124,0.0044,1.0,99.71,1,75,3 months ago,Incentivized | Verified Purchaser | Owned for 1 week
Google Pixel 10 Pro,5,positive,0.9833,0.973,0.0205,0.0065,1.0,99.37,1,538,6 months ago,Incentivized | Verified Purchaser
Google Pixel 10 Pro,5,positive,0.992,0.9882,0.0074,0.0043,1.0,99.86,1,80,7 months ago,Incentivized | Verified Purchaser | Owned for 2 weeks
Google Pixel 10 Pro,5,positive,0.9931,0.9897,0.0068,0.0035,1.0,99.92,1,64,7 months ago,Incentivized | Verified Purchaser | Owned for 2 weeks
Google Pixel 10 Pro,5,positive,0.9625,0.9324,0.0601,0.0075,1.0,98.21,1,328,1 week ago,Incentivized | Verified Purchaser | Owned for 3 weeks
Google Pixel 10 Pro,5,positive,0.9922,0.9886,0.0072,0.0042,1.0,99.87,1,138,2 months ago,Incentivized | Verified Purchaser | Owned for 2 weeks
Google Pixel 10 Pro,5,positive,0.9924,0.9879,0.009,0.0031,1.0,99.88,1,193,3 months ago,Incentivized | Verified Purchaser
Google Pixel 10 Pro,5,positive,0.9901,0.9825,0.0153,0.0022,1.0,99.75,1,213,4 months ago,Incentivized | Verified Purchaser | Owned for 2 weeks
Google Pixel 10 Pro,5,positive,0.9892,0.984,0.0104,0.0056,1.0,99.7,1,219,4 months ago,Incentivized | Verified Purchaser | Owned for 3 weeks
Google Pixel 10 Pro,5,positive,0.9888,0.9809,0.0157,0.0034,1.0,99.68,1,59,1 month ago,Incentivized | Verified Purchaser | Owned for 1 week
Google Pixel 10 Pro,5,positive,0.9748,0.9549,0.04,0.0052,1.0,98.9,1,202,,Incentivized | Verified Purchaser | Owned for 1 month
Google Pixel 10 Pro,5,positive,0.9918,0.9865,0.0105,0.003,1.0,99.85,1,190,6 months ago,Incentivized | Verified Purchaser | Owned for 1 month
Google Pixel 10 Pro,5,positive,0.981,0.9675,0.0272,0.0054,1.0,99.24,1,140,5 days ago,Incentivized | Verified Purchaser | Owned for 1 month
Google Pixel 10 Pro,5,positive,0.9799,0.9655,0.0289,0.0056,1.0,99.18,1,69,3 months ago,Incentivized | Verified Purchaser | Owned for 1 month
Google Pixel 10 Pro,5,positive,0.9944,0.9913,0.0062,0.0025,1.0,99.99,1,96,4 months ago,Incentivized | Verified Purchaser
Google Pixel 10 Pro,5,positive,0.988,0.9815,0.013,0.0055,1.0,99.64,1,158,6 months ago,Incentivized | Verified Purchaser | Owned for 3 weeks
Google Pixel 10 Pro,5,positive,0.9945,0.9905,0.0081,0.0014,1.0,100.0,1,79,4 months ago,Incentivized | Verified Purchaser | Owned for 1 week
Google Pixel 10 Pro,5,positive,0.9921,0.9885,0.0072,0.0043,1.0,99.87,1,59,4 months ago,Incentivized | Verified Purchaser
Google Pixel 10 Pro,5,positive,0.9896,0.9848,0.0095,0.0057,1.0,99.73,1,100,2 weeks ago,Incentivized | Verified Purchaser | Owned for 2 weeks
Google Pixel 10 Pro,5,positive,0.9915,0.987,0.009,0.004,1.0,99.83,1,72,2 weeks ago,Incentivized | Verified Purchaser | Owned for 1 week
Google Pixel 10 Pro,5,positive,0.9775,0.9594,0.0362,0.0044,1.0,99.05,1,5903,7 months ago,Tech Insider Network Member
Google Pixel 10 Pro,4,positive,0.913,0.8515,0.123,0.0255,0.75,83.99,1,136,2 months ago,Incentivized | Verified Purchaser | Owned for 1 month
Google Pixel 10 Pro,5,positive,0.9944,0.9913,0.0062,0.0025,1.0,99.99,1,96,4 months ago,Incentivized | Verified Purchaser
Google Pixel 10 Pro,2,negative,0.085,0.0203,0.1293,0.8503,0.25,14.76,1,861,4 months ago,Incentivized | Verified Purchaser | Owned for 2 months
Google Pixel 10 Pro,5,positive,0.9943,0.9911,0.0064,0.0025,1.0,99.99,1,73,5 months ago,Incentivized | Verified Purchaser | Owned for 3 weeks
Google Pixel 10 Pro,5,positive,0.9721,0.9518,0.0406,0.0076,1.0,98.75,1,6704,7 months ago,Tech Insider Network Member
Google Pixel 10 Pro,4,positive,0.9048,0.8161,0.1776,0.0064,0.75,83.53,1,4033,7 months ago,Tech Insider Network Member
Google Pixel 10 Pro,4,positive,0.9409,0.8951,0.0917,0.0133,0.75,85.55,1,5380,7 months ago,Tech Insider Network Member
Google Pixel 10 Pro,5,positive,0.989,0.9816,0.0148,0.0036,1.0,99.69,1,2471,7 months ago,Tech Insider Network Member | Top 1000 Contributor
Google Pixel 10 Pro,5,positive,0.9619,0.9278,0.0682,0.004,1.0,98.18,1,6099,7 months ago,Tech Insider Network Member | Top 1000 Contributor
Google Pixel 10 Pro,4,positive,0.9272,0.8602,0.1339,0.0059,0.75,84.79,1,2975,7 months ago,Tech Insider Network Member
Google Pixel 10 Pro,1,negative,0.0428,0.0081,0.0694,0.9224,0.0,0.95,1,87,2 weeks ago,Incentivized | Verified Purchaser | Owned for 1 week
Google Pixel 10 Pro,5,positive,0.9342,0.8878,0.0929,0.0193,1.0,96.63,1,2319,5 months ago,Incentivized | Verified Purchaser
Google Pixel 10 Pro,5,positive,0.991,0.9862,0.0096,0.0041,1.0,99.8,1,485,4 months ago,Incentivized | Verified Purchaser
Google Pixel 10 Pro,5,positive,0.9748,0.9552,0.0392,0.0056,1.0,98.9,1,4038,7 months ago,Tech Insider Network Member | Top 50 Contributor
Google Pixel 10 Pro,5,positive,0.9892,0.9827,0.0129,0.0043,1.0,99.7,1,538,7 months ago,Incentivized | Verified Purchaser
Google Pixel 10 Pro,4,negative,0.2705,0.0488,0.4434,0.5078,0.75,48.03,0,6549,7 months ago,Tech Insider Network Member
Google Pixel 10 Pro,5,positive,0.9836,0.9704,0.0265,0.0031,1.0,99.39,1,313,7 months ago,Incentivized | Verified Purchaser | Owned for 2 weeks
Google Pixel 10 Pro,4,positive,0.9493,0.9032,0.0921,0.0047,0.75,86.02,1,4355,7 months ago,Tech Insider Network Member
Google Pixel 10 Pro,4,positive,0.9555,0.9259,0.0593,0.0148,0.75,86.37,1,3360,7 months ago,Tech Insider Network Member
Google Pixel 10 Pro,5,positive,0.9926,0.9882,0.0088,0.003,1.0,99.89,1,423,4 months ago,Incentivized | Verified Purchaser | Owned for 3 weeks
Google Pixel 10 Pro,5,positive,0.9846,0.9755,0.0182,0.0063,1.0,99.45,1,400,3 months ago,Incentivized | Verified Purchaser
Google Pixel 10 Pro,5,positive,0.9548,0.9252,0.0591,0.0156,1.0,97.78,1,559,5 months ago,Incentivized | Verified Purchaser
Google Pixel 10 Pro,5,positive,0.9931,0.9897,0.0067,0.0036,1.0,99.92,1,219,1 month ago,Incentivized | Verified Purchaser | Owned for 1 month
Google Pixel 10 Pro,5,positive,0.9929,0.9887,0.0084,0.0029,1.0,99.91,1,554,7 months ago,Incentivized | Verified Purchaser
Google Pixel 10 Pro,5,positive,0.9821,0.9706,0.0231,0.0063,1.0,99.31,1,534,7 months ago,Incentivized | Verified Purchaser
Google Pixel 10 Pro,5,positive,0.9291,0.8903,0.0777,0.0321,1.0,96.34,1,712,2 months ago,Incentivized | Verified Purchaser
Google Pixel 10 Pro,5,positive,0.9915,0.9872,0.0086,0.0042,1.0,99.83,1,140,3 months ago,Incentivized | Verified Purchaser | Owned for 2 months
Google Pixel 10 Pro,5,positive,0.9831,0.9728,0.0206,0.0067,1.0,99.36,1,196,4 months ago,Incentivized | Verified Purchaser | Owned for 2 weeks
Google Pixel 10 Pro,5,positive,0.9899,0.9838,0.0122,0.004,1.0,99.74,1,183,7 months ago,Incentivized | Verified Purchaser
Google Pixel 10 Pro,5,positive,0.9895,0.984,0.011,0.005,1.0,99.72,1,414,3 months ago,Incentivized | Verified Purchaser
Google Pixel 10 Pro,5,positive,0.99,0.984,0.0119,0.004,1.0,99.75,1,311,2 months ago,Incentivized | Verified Purchaser | Owned for 2 months
Google Pixel 10 Pro,4,positive,0.9894,0.9823,0.0144,0.0034,0.75,88.27,1,301,6 months ago,Incentivized | Verified Purchaser
Google Pixel 10 Pro,5,positive,0.9817,0.9665,0.0306,0.003,1.0,99.28,1,850,1 month ago,Incentivized | Verified Purchaser | Owned for 2 weeks
Google Pixel 10 Pro,5,positive,0.9618,0.9291,0.0653,0.0056,1.0,98.17,1,1552,4 months ago,Incentivized | Verified Purchaser
Google Pixel 10 Pro,5,positive,0.8272,0.7583,0.1378,0.1039,1.0,90.64,1,293,2 months ago,Incentivized | Verified Purchaser
Google Pixel 10 Pro,5,positive,0.9903,0.9855,0.0096,0.0049,1.0,99.76,1,403,4 months ago,Incentivized | Verified Purchaser
Google Pixel 10 Pro,5,positive,0.9894,0.982,0.0146,0.0033,1.0,99.71,1,599,7 months ago,Incentivized | Verified Purchaser
Google Pixel 10 Pro,5,positive,0.9908,0.9849,0.0117,0.0034,1.0,99.79,1,307,3 months ago,Incentivized | Verified Purchaser | Owned for 3 weeks
Google Pixel 10 Pro,5,positive,0.9402,0.8905,0.0994,0.0101,1.0,96.96,1,266,3 months ago,Incentivized | Verified Purchaser
Google Pixel 10 Pro,5,positive,0.991,0.9847,0.0125,0.0028,1.0,99.8,1,490,7 months ago,Incentivized | Verified Purchaser
Google Pixel 10 Pro,4,negative,0.4055,0.2208,0.3693,0.4099,0.75,55.59,0,2098,4 months ago,Incentivized | Verified Purchaser
Google Pixel 10 Pro,5,positive,0.9926,0.988,0.0092,0.0029,1.0,99.89,1,81,7 months ago,Incentivized | Verified Purchaser
Google Pixel 10 Pro,5,positive,0.9837,0.971,0.0254,0.0036,1.0,99.4,1,1255,7 months ago,Incentivized | Verified Purchaser | Owned for 2 weeks
Google Pixel 10 Pro,5,positive,0.9926,0.9883,0.0086,0.0031,1.0,99.89,1,232,4 months ago,Incentivized | Verified Purchaser | Owned for 1 month
Google Pixel 10 Pro,5,positive,0.9895,0.9827,0.0135,0.0038,1.0,99.72,1,167,3 months ago,Incentivized | Verified Purchaser
Google Pixel 10 Pro,5,positive,0.9894,0.9826,0.0136,0.0038,1.0,99.71,1,195,4 months ago,Incentivized | Verified Purchaser
Google Pixel 10 Pro,5,positive,0.9829,0.9753,0.0153,0.0095,1.0,99.35,1,263,6 months ago,Incentivized | Verified Purchaser | Owned for less than 1 week
Google Pixel 10 Pro,5,positive,0.9874,0.9788,0.0172,0.004,1.0,99.6,1,74,1 month ago,Incentivized | Verified Purchaser | Owned for 1 week
Google Pixel 10 Pro,5,positive,0.9842,0.9745,0.0195,0.006,1.0,99.42,1,244,6 months ago,Incentivized | Verified Purchaser
Google Pixel 10 Pro,5,positive,0.9893,0.9824,0.0138,0.0039,1.0,99.71,1,256,6 months ago,Incentivized | Verified Purchaser
Google Pixel 10 Pro,5,positive,0.9933,0.9898,0.0069,0.0033,1.0,99.93,1,79,2 months ago,Incentivized | Verified Purchaser | Owned for 2 months
Google Pixel 10 Pro,5,positive,0.9939,0.9902,0.0075,0.0024,1.0,99.97,1,245,6 months ago,Incentivized | Verified Purchaser
Google Pixel 10 Pro,5,positive,0.9907,0.9863,0.0089,0.0049,1.0,99.79,1,257,7 months ago,Incentivized | Verified Purchaser
Google Pixel 10 Pro,5,positive,0.9898,0.9841,0.0115,0.0044,1.0,99.74,1,193,5 months ago,Incentivized | Verified Purchaser | Owned for 2 weeks
Google Pixel 10 Pro,5,positive,0.9898,0.9834,0.0128,0.0038,1.0,99.74,1,224,6 months ago,Incentivized | Verified Purchaser | Owned for 2 weeks
Google Pixel 10 Pro,5,positive,0.9919,0.9858,0.0121,0.002,1.0,99.85,1,62,2 months ago,Incentivized | Verified Purchaser | Owned for less than 1 week
Google Pixel 10 Pro,5,positive,0.9865,0.9785,0.0161,0.0055,1.0,99.55,1,347,2 months ago,Incentivized | Verified Purchaser | Owned for 2 months
Google Pixel 10 Pro,5,positive,0.9909,0.9851,0.0116,0.0033,1.0,99.8,1,64,2 months ago,Incentivized | Verified Purchaser
Google Pixel 10 Pro,5,positive,0.9904,0.9852,0.0104,0.0043,1.0,99.77,1,108,4 months ago,Incentivized | Verified Purchaser | Owned for 2 weeks
Google Pixel 10 Pro,5,positive,0.9904,0.9858,0.0092,0.005,1.0,99.77,1,69,3 months ago,Incentivized | Verified Purchaser
Google Pixel 10 Pro,5,positive,0.9771,0.9643,0.0256,0.0102,1.0,99.03,1,202,7 months ago,Incentivized | Verified Purchaser | Owned for less than 1 week
Google Pixel 10 Pro,5,positive,0.9874,0.9802,0.0143,0.0055,1.0,99.6,1,433,4 months ago,Incentivized | Verified Purchaser
Google Pixel 10 Pro,5,positive,0.9853,0.977,0.0166,0.0064,1.0,99.49,1,110,4 months ago,Incentivized | Verified Purchaser
Google Pixel 10 Pro,5,positive,0.9925,0.9881,0.0087,0.0032,1.0,99.89,1,89,4 months ago,Incentivized | Verified Purchaser
Google Pixel 10 Pro,5,positive,0.9918,0.9875,0.0085,0.004,1.0,99.85,1,485,4 days ago,Incentivized | Verified Purchaser | Owned for 3 weeks
Google Pixel 10 Pro,5,positive,0.9878,0.98,0.0157,0.0043,1.0,99.63,1,51,3 months ago,Incentivized | Verified Purchaser
Google Pixel 10 Pro,5,positive,0.9882,0.9812,0.014,0.0048,1.0,99.65,1,178,7 months ago,Incentivized | Verified Purchaser
Google Pixel 10 Pro,5,positive,0.9915,0.9858,0.0114,0.0028,1.0,99.83,1,54,3 months ago,Incentivized | Verified Purchaser
Google Pixel 10 Pro,5,positive,0.9868,0.9792,0.0152,0.0055,1.0,99.57,1,569,6 months ago,Incentivized | Verified Purchaser | Owned for 1 month
Google Pixel 10 Pro,5,positive,0.993,0.9896,0.0067,0.0037,1.0,99.92,1,70,4 months ago,Incentivized | Verified Purchaser
Google Pixel 10 Pro,5,positive,0.9901,0.9836,0.013,0.0034,1.0,99.75,1,265,2 months ago,Incentivized | Verified Purchaser
Google Pixel 10 Pro,5,positive,0.9819,0.9691,0.0256,0.0053,1.0,99.29,1,561,7 months ago,Incentivized | Verified Purchaser
Google Pixel 10 Pro,5,positive,0.992,0.9883,0.0074,0.0043,1.0,99.86,1,83,4 months ago,Incentivized | Verified Purchaser | Owned for 3 weeks
Google Pixel 10 Pro,5,positive,0.9881,0.9814,0.0135,0.0051,1.0,99.64,1,52,3 months ago,Incentivized | Verified Purchaser | Owned for 2 weeks
Google Pixel 10 Pro,5,positive,0.9688,0.9461,0.0455,0.0085,1.0,98.56,1,178,1 month ago,Incentivized | Verified Purchaser | Owned for 3 weeks
Google Pixel 10 Pro,5,positive,0.9819,0.9709,0.022,0.0071,1.0,99.29,1,83,5 months ago,Incentivized | Verified Purchaser | Owned for 2 weeks
Google Pixel 10 Pro,4,positive,0.986,0.9766,0.0189,0.0045,0.75,88.08,1,280,1 month ago,Incentivized | Verified Purchaser | Owned for 2 months
Google Pixel 10 Pro,3,negative,0.1362,0.0463,0.1798,0.7739,0.5,29.07,1,1231,3 months ago,Incentivized | Verified Purchaser
Google Pixel 10 Pro,5,positive,0.9868,0.9796,0.0145,0.0059,1.0,99.57,1,86,5 months ago,Incentivized | Verified Purchaser
Google Pixel 10 Pro,5,positive,0.9932,0.9886,0.0092,0.0022,1.0,99.93,1,125,7 months ago,Incentivized | Verified Purchaser | Best Buy Employee | Owned for 2 weeks
Google Pixel 10 Pro,5,positive,0.9719,0.9475,0.0488,0.0037,1.0,98.74,1,167,2 months ago,Incentivized | Verified Purchaser | Owned for 2 weeks
Google Pixel 10 Pro,5,positive,0.9918,0.9876,0.0085,0.0039,1.0,99.85,1,69,5 months ago,Incentivized | Verified Purchaser | Owned for 3 weeks
Google Pixel 10 Pro,5,positive,0.991,0.9843,0.0134,0.0023,1.0,99.8,1,96,,Incentivized | Verified Purchaser | Owned for 3 weeks
Google Pixel 10 Pro,4,negative,0.1446,0.0233,0.2424,0.7342,0.75,40.99,0,682,7 months ago,Incentivized | Verified Purchaser | Owned for 2 weeks
Google Pixel 10 Pro,5,positive,0.9813,0.9704,0.0218,0.0078,1.0,99.26,1,116,1 month ago,Incentivized | Verified Purchaser | Owned for 1 month
Google Pixel 10 Pro,5,positive,0.968,0.9478,0.0403,0.0118,1.0,98.52,1,160,2 months ago,Incentivized | Verified Purchaser
Google Pixel 10 Pro,5,positive,0.99,0.984,0.0121,0.004,1.0,99.75,1,218,3 months ago,Incentivized | Verified Purchaser | Owned for 3 weeks
Google Pixel 10 Pro,5,positive,0.987,0.9803,0.0134,0.0063,1.0,99.58,1,328,2 weeks ago,Incentivized | Verified Purchaser | Owned for 2 weeks
Google Pixel 10 Pro,5,positive,0.9918,0.9869,0.0098,0.0033,1.0,99.85,1,238,4 months ago,Incentivized | Verified Purchaser | Owned for 2 weeks
Google Pixel 10 Pro,5,positive,0.9861,0.9793,0.0136,0.0071,1.0,99.53,1,183,3 months ago,Incentivized | Verified Purchaser | Owned for 1 week
Google Pixel 10 Pro,5,positive,0.9914,0.9858,0.0112,0.0031,1.0,99.83,1,110,1 month ago,Incentivized | Verified Purchaser | Owned for 2 weeks
Google Pixel 10 Pro,5,positive,0.9919,0.9869,0.0099,0.0032,1.0,99.85,1,66,7 months ago,Incentivized | Verified Purchaser | Owned for 1 week
Google Pixel 10 Pro,5,positive,0.9902,0.9844,0.0116,0.0041,1.0,99.76,1,242,5 months ago,Incentivized | Verified Purchaser
Google Pixel 10 Pro,5,positive,0.9898,0.9844,0.0107,0.0049,1.0,99.74,1,50,6 months ago,Incentivized | Verified Purchaser
Google Pixel 10 Pro,5,positive,0.9874,0.9785,0.0179,0.0037,1.0,99.6,1,302,6 months ago,Incentivized | Verified Purchaser | Owned for 1 month
Google Pixel 10 Pro,4,positive,0.9863,0.9781,0.0164,0.0055,0.75,88.09,1,489,2 weeks ago,Incentivized | Verified Purchaser | Owned for 2 weeks
Google Pixel 10 Pro,5,positive,0.9896,0.9811,0.017,0.0018,1.0,99.73,1,154,3 months ago,Incentivized | Verified Purchaser
Google Pixel 10 Pro,4,positive,0.983,0.9714,0.0231,0.0055,0.75,87.91,1,80,5 months ago,Incentivized | Verified Purchaser
Google Pixel 10 Pro,5,positive,0.9879,0.9821,0.0117,0.0062,1.0,99.63,1,94,2 months ago,Incentivized | Verified Purchaser | Owned for 1 month
Google Pixel 10 Pro,5,positive,0.9925,0.9893,0.0064,0.0043,1.0,99.89,1,168,3 months ago,Incentivized | Verified Purchaser
Google Pixel 10 Pro,5,positive,0.9903,0.9849,0.0108,0.0043,1.0,99.76,1,183,4 months ago,Incentivized | Verified Purchaser | Owned for 3 weeks
Google Pixel 10 Pro,5,positive,0.9879,0.98,0.0159,0.0041,1.0,99.63,1,240,5 months ago,Incentivized | Verified Purchaser | Owned for 3 weeks
Google Pixel 10 Pro,4,positive,0.9885,0.9799,0.0173,0.0028,0.75,88.22,1,56,4 months ago,Incentivized | Verified Purchaser
Google Pixel 10 Pro,5,positive,0.9929,0.9894,0.0069,0.0037,1.0,99.91,1,122,2 months ago,Incentivized | Verified Purchaser | Owned for 2 months
Google Pixel 10 Pro,5,positive,0.99,0.9842,0.0117,0.0041,1.0,99.75,1,134,3 months ago,Incentivized | Verified Purchaser | Owned for 3 weeks
Google Pixel 10 Pro,4,positive,0.9598,0.9335,0.0527,0.0138,0.75,86.61,1,230,3 months ago,Incentivized | Verified Purchaser | Owned for 1 month
Google Pixel 10 Pro,5,positive,0.99,0.9841,0.0118,0.0041,1.0,99.75,1,155,4 months ago,Incentivized | Verified Purchaser | Owned for 3 weeks
Google Pixel 10 Pro,5,positive,0.9896,0.9832,0.0128,0.004,1.0,99.73,1,127,3 months ago,Incentivized | Verified Purchaser
Google Pixel 10 Pro,5,positive,0.9835,0.9698,0.0272,0.0029,1.0,99.38,1,249,3 weeks ago,Incentivized | Verified Purchaser | Owned for 2 weeks
Google Pixel 10 Pro,5,positive,0.9892,0.9847,0.0089,0.0064,1.0,99.7,1,106,3 months ago,Incentivized | Verified Purchaser
Google Pixel 10 Pro,5,positive,0.9901,0.9851,0.0101,0.0048,1.0,99.75,1,373,2 months ago,Incentivized | Verified Purchaser | Owned for 2 months
Google Pixel 10 Pro,5,positive,0.9939,0.9903,0.0073,0.0024,1.0,99.97,1,65,2 months ago,Incentivized | Verified Purchaser | Owned for 2 months
Google Pixel 10 Pro,5,positive,0.9905,0.9839,0.0131,0.0029,1.0,99.78,1,128,3 months ago,Incentivized | Verified Purchaser | Owned for 2 weeks
Google Pixel 10 Pro,5,positive,0.9895,0.9835,0.012,0.0045,1.0,99.72,1,59,2 months ago,Incentivized | Verified Purchaser | Owned for 1 week
Google Pixel 10 Pro,5,positive,0.9692,0.9448,0.0489,0.0063,1.0,98.58,1,143,4 months ago,Incentivized | Verified Purchaser
Google Pixel 10 Pro,5,positive,0.9797,0.9648,0.0297,0.0054,1.0,99.17,1,64,2 months ago,Incentivized | Verified Purchaser | Owned for less than 1 week
Google Pixel 10 Pro,5,positive,0.9837,0.9756,0.0161,0.0083,1.0,99.4,1,97,3 months ago,Incentivized | Verified Purchaser | Owned for 3 weeks
Google Pixel 10 Pro,5,positive,0.9895,0.9822,0.0145,0.0033,1.0,99.72,1,176,5 months ago,Incentivized | Verified Purchaser
Google Pixel 10 Pro,5,positive,0.9904,0.985,0.0109,0.0041,1.0,99.77,1,193,1 week ago,Incentivized | Verified Purchaser | Owned for 2 weeks
Google Pixel 10 Pro,5,positive,0.9895,0.9828,0.0133,0.0039,1.0,99.72,1,262,1 month ago,Incentivized | Verified Purchaser | Owned for 2 months
Google Pixel 10 Pro,5,positive,0.9929,0.9887,0.0083,0.003,1.0,99.91,1,198,6 months ago,Incentivized | Verified Purchaser | Owned for 2 weeks
Google Pixel 10 Pro,5,positive,0.971,0.949,0.0439,0.007,1.0,98.68,1,296,1 month ago,Incentivized | Verified Purchaser
Google Pixel 10 Pro,5,positive,0.9881,0.9815,0.0134,0.0052,1.0,99.64,1,188,6 months ago,Incentivized | Verified Purchaser | Owned for 1 month
Google Pixel 10 Pro,5,positive,0.9917,0.9863,0.0108,0.0029,1.0,99.84,1,135,4 months ago,Incentivized | Verified Purchaser | Owned for 2 weeks
Google Pixel 10 Pro,5,positive,0.9933,0.99,0.0066,0.0034,1.0,99.93,1,60,2 months ago,Incentivized | Verified Purchaser | Owned for 1 month
Google Pixel 10 Pro,4,positive,0.9814,0.9703,0.0224,0.0074,0.75,87.82,1,389,7 months ago,Incentivized | Verified Purchaser
Google Pixel 10 Pro,5,positive,0.9329,0.9034,0.059,0.0376,1.0,96.55,1,245,7 months ago,Incentivized | Verified Purchaser
Google Pixel 10 Pro,5,positive,0.9902,0.9852,0.01,0.0048,1.0,99.76,1,126,4 months ago,Incentivized | Verified Purchaser | Owned for 2 weeks
Google Pixel 10 Pro,5,positive,0.9917,0.9869,0.0096,0.0035,1.0,99.84,1,112,4 months ago,Incentivized | Verified Purchaser
Google Pixel 10 Pro,5,positive,0.9897,0.9839,0.0115,0.0046,1.0,99.73,1,85,3 months ago,Incentivized | Verified Purchaser
Google Pixel 10 Pro,5,positive,0.9907,0.9847,0.0119,0.0034,1.0,99.79,1,75,3 months ago,Incentivized | Verified Purchaser
Google Pixel 10 Pro,5,positive,0.9834,0.9741,0.0187,0.0072,1.0,99.38,1,193,7 months ago,Incentivized | Verified Purchaser | Owned for 2 weeks
Google Pixel 10 Pro,5,positive,0.9883,0.9799,0.017,0.0032,1.0,99.65,1,141,5 months ago,Incentivized | Verified Purchaser
Google Pixel 10 Pro,5,positive,0.986,0.9765,0.0189,0.0046,1.0,99.52,1,73,3 months ago,Incentivized | Verified Purchaser | Owned for 1 month
Google Pixel 10 Pro,5,positive,0.9905,0.9856,0.0098,0.0046,1.0,99.78,1,64,3 months ago,Incentivized | Verified Purchaser | Owned for 1 month
Google Pixel 10 Pro,5,positive,0.9598,0.9262,0.0672,0.0066,1.0,98.06,1,90,4 months ago,Incentivized | Verified Purchaser | Owned for 2 weeks
Google Pixel 10 Pro,5,positive,0.9821,0.9719,0.0203,0.0078,1.0,99.31,1,191,7 months ago,Incentivized | Verified Purchaser
Google Pixel 10 Pro,5,positive,0.9899,0.9837,0.0123,0.004,1.0,99.74,1,129,5 months ago,Incentivized | Verified Purchaser | Owned for 3 weeks
Google Pixel 10 Pro,5,positive,0.9909,0.9864,0.0089,0.0047,1.0,99.8,1,65,3 months ago,Incentivized | Verified Purchaser | Owned for 3 weeks
Google Pixel 10 Pro,5,positive,0.9867,0.979,0.0153,0.0057,1.0,99.56,1,62,3 months ago,Incentivized | Verified Purchaser | Owned for 2 weeks
Google Pixel 10 Pro,5,positive,0.9852,0.9737,0.023,0.0034,1.0,99.48,1,82,4 months ago,Incentivized | Verified Purchaser | Owned for 1 month
Google Pixel 10 Pro,4,neutral,0.5651,0.3112,0.5077,0.181,0.75,64.52,0,318,7 months ago,Incentivized | Verified Purchaser
Google Pixel 10 Pro,5,positive,0.7064,0.5139,0.385,0.1011,1.0,83.88,1,186,1 month ago,Incentivized | Verified Purchaser | Owned for 2 months
Google Pixel 10 Pro,5,positive,0.9914,0.9871,0.0087,0.0042,1.0,99.83,1,93,4 months ago,Incentivized | Verified Purchaser
Google Pixel 10 Pro,5,positive,0.9798,0.9688,0.0221,0.0092,1.0,99.18,1,89,4 months ago,Incentivized | Verified Purchaser | Owned for 1 week
Google Pixel 10 Pro,5,positive,0.9925,0.9889,0.0072,0.004,1.0,99.89,1,73,3 months ago,Incentivized | Verified Purchaser
Google Pixel 10 Pro,5,positive,0.9938,0.9906,0.0063,0.0031,1.0,99.96,1,52,3 months ago,Incentivized | Verified Purchaser | Owned for 3 weeks
Google Pixel 10 Pro,5,positive,0.9941,0.9907,0.0068,0.0025,1.0,99.98,1,156,6 months ago,Incentivized | Verified Purchaser
Google Pixel 10 Pro,5,positive,0.986,0.9762,0.0196,0.0042,1.0,99.52,1,175,7 months ago,Incentivized | Verified Purchaser
Google Pixel 10 Pro,5,positive,0.9943,0.9914,0.0059,0.0027,1.0,99.99,1,112,5 months ago,Incentivized | Verified Purchaser | Owned for 3 weeks
Google Pixel 10 Pro,5,positive,0.9915,0.9867,0.0095,0.0037,1.0,99.83,1,78,4 months ago,Incentivized | Verified Purchaser | Owned for 3 weeks
Google Pixel 10 Pro,5,positive,0.991,0.9854,0.0112,0.0034,1.0,99.8,1,68,3 months ago,Incentivized | Verified Purchaser
Google Pixel 10 Pro,5,positive,0.9926,0.9883,0.0086,0.003,1.0,99.89,1,103,5 months ago,Incentivized | Verified Purchaser
Google Pixel 10 Pro,5,positive,0.9526,0.9228,0.0596,0.0176,1.0,97.66,1,168,7 months ago,Incentivized | Verified Purchaser | Owned for 2 weeks
Google Pixel 10 Pro,5,positive,0.9877,0.982,0.0114,0.0066,1.0,99.62,1,79,4 months ago,Incentivized | Verified Purchaser | Owned for 2 weeks
Google Pixel 10 Pro,5,positive,0.9899,0.9838,0.0122,0.004,1.0,99.74,1,57,3 months ago,Incentivized | Verified Purchaser
Google Pixel 10 Pro,5,positive,0.7938,0.6667,0.2543,0.079,1.0,88.77,1,77,4 months ago,Incentivized | Verified Purchaser | Owned for 2 weeks
Google Pixel 10 Pro,5,positive,0.9918,0.9862,0.0113,0.0025,1.0,99.85,1,75,4 months ago,Incentivized | Verified Purchaser | Owned for 1 month
Google Pixel 10 Pro,5,positive,0.9922,0.9885,0.0075,0.004,1.0,99.87,1,65,4 months ago,Incentivized | Verified Purchaser | Owned for 3 weeks
Google Pixel 10 Pro,5,positive,0.9884,0.9804,0.0161,0.0035,1.0,99.66,1,50,3 months ago,Incentivized | Verified Purchaser
Google Pixel 10 Pro,5,positive,0.991,0.9862,0.0097,0.0041,1.0,99.8,1,56,3 months ago,Incentivized | Verified Purchaser
Google Pixel 10 Pro,5,positive,0.9935,0.9895,0.008,0.0025,1.0,99.94,1,55,3 months ago,Incentivized | Verified Purchaser
Google Pixel 10 Pro,4,negative,0.1912,0.1031,0.1762,0.7207,0.75,43.59,0,177,5 months ago,Incentivized | Verified Purchaser | Owned for 2 weeks
Google Pixel 10 Pro,5,positive,0.9833,0.972,0.0224,0.0055,1.0,99.37,1,143,7 months ago,Incentivized | Verified Purchaser | Owned for 2 weeks
Google Pixel 10 Pro,5,positive,0.9914,0.9859,0.011,0.0031,1.0,99.83,1,58,4 months ago,Incentivized | Verified Purchaser | Owned for 2 weeks
Google Pixel 10 Pro,5,positive,0.9936,0.9899,0.0074,0.0027,1.0,99.95,1,50,3 months ago,Incentivized | Verified Purchaser | Owned for 1 month
Google Pixel 10 Pro,5,positive,0.9807,0.9686,0.024,0.0073,1.0,99.23,1,137,3 weeks ago,Incentivized | Verified Purchaser | Owned for 3 weeks
Google Pixel 10 Pro,5,positive,0.9885,0.9817,0.0136,0.0047,1.0,99.66,1,86,5 days ago,Incentivized | Verified Purchaser | Owned for 3 weeks
Google Pixel 10 Pro,5,positive,0.9834,0.9746,0.0176,0.0079,1.0,99.38,1,55,4 months ago,Incentivized | Verified Purchaser
Google Pixel 10 Pro,5,positive,0.8225,0.7445,0.1561,0.0995,1.0,90.37,1,67,6 months ago,Incentivized | Verified Purchaser | Owned for 1 week
Google Pixel 10 Pro,5,positive,0.9882,0.9801,0.0163,0.0036,1.0,99.65,1,141,7 months ago,Incentivized | Verified Purchaser
Google Pixel 10 Pro,5,positive,0.9799,0.9634,0.0331,0.0036,1.0,99.18,1,48,4 months ago,Incentivized | Verified Purchaser | Owned for 2 weeks
Google Pixel 10 Pro,5,positive,0.9653,0.9381,0.0545,0.0074,1.0,98.37,1,102,6 months ago,Incentivized | Verified Purchaser | Owned for 1 month
Google Pixel 10 Pro,5,positive,0.9909,0.9851,0.0115,0.0033,1.0,99.8,1,102,6 months ago,Incentivized | Verified Purchaser | Owned for 2 weeks
Google Pixel 10 Pro,5,positive,0.9837,0.9738,0.0199,0.0064,1.0,99.4,1,94,5 months ago,Incentivized | Verified Purchaser | Owned for 1 month
Google Pixel 10 Pro,5,positive,0.989,0.9813,0.0154,0.0033,1.0,99.69,1,109,2 weeks ago,Incentivized | Verified Purchaser | Owned for 1 week
Google Pixel 10 Pro,5,positive,0.9909,0.9867,0.0084,0.0049,1.0,99.8,1,114,6 months ago,Incentivized | Verified Purchaser | Owned for 1 week
Google Pixel 10 Pro,5,positive,0.9923,0.9892,0.0064,0.0045,1.0,99.88,1,65,5 months ago,Incentivized | Verified Purchaser | Owned for 1 month
Google Pixel 10 Pro,5,positive,0.989,0.9822,0.0136,0.0041,1.0,99.69,1,121,7 months ago,Incentivized | Verified Purchaser
Google Pixel 10 Pro,5,positive,0.9933,0.9893,0.008,0.0027,1.0,99.93,1,449,7 months ago,Incentivized | Verified Purchaser
Google Pixel 10 Pro,5,positive,0.9901,0.9855,0.0092,0.0053,1.0,99.75,1,54,5 months ago,Incentivized | Verified Purchaser
Google Pixel 10 Pro,5,positive,0.9915,0.9857,0.0117,0.0027,1.0,99.83,1,75,6 months ago,Incentivized | Verified Purchaser | Owned for 2 weeks
Google Pixel 10 Pro,5,positive,0.9927,0.989,0.0075,0.0036,1.0,99.9,1,94,3 weeks ago,Incentivized | Verified Purchaser | Owned for 2 weeks
Google Pixel 10 Pro,5,positive,0.9939,0.9908,0.0062,0.003,1.0,99.97,1,99,7 months ago,Incentivized | Verified Purchaser
Google Pixel 10 Pro,5,positive,0.9831,0.9711,0.0241,0.0049,1.0,99.36,1,60,5 months ago,Incentivized | Verified Purchaser
Google Pixel 10 Pro,5,positive,0.9752,0.9606,0.0291,0.0103,1.0,98.92,1,231,3 months ago,Incentivized | Verified Purchaser | Owned for 3 weeks
Google Pixel 10 Pro,5,positive,0.9829,0.9702,0.0255,0.0043,1.0,99.35,1,83,3 weeks ago,Incentivized | Verified Purchaser | Owned for 2 months
Google Pixel 10 Pro,5,positive,0.9933,0.9904,0.0057,0.0038,1.0,99.93,1,119,1 month ago,Incentivized | Verified Purchaser | Owned for 3 weeks
Google Pixel 10 Pro,5,positive,0.9934,0.9894,0.0079,0.0027,1.0,99.94,1,60,1 week ago,Incentivized | Verified Purchaser | Owned for 2 weeks
Google Pixel 10 Pro,5,positive,0.9826,0.9706,0.0241,0.0054,1.0,99.33,1,50,5 months ago,Incentivized | Verified Purchaser | Owned for 2 months
Google Pixel 10 Pro,5,positive,0.9908,0.9854,0.0109,0.0038,1.0,99.79,1,65,2 weeks ago,Incentivized | Verified Purchaser | Owned for 2 weeks
Google Pixel 10 Pro,5,positive,0.9881,0.9812,0.014,0.0049,1.0,99.64,1,68,6 months ago,Incentivized | Verified Purchaser
Google Pixel 10 Pro,5,positive,0.9919,0.9871,0.0097,0.0033,1.0,99.85,1,90,7 months ago,Incentivized | Verified Purchaser
Google Pixel 10 Pro,5,positive,0.9932,0.9895,0.0074,0.0031,1.0,99.93,1,80,7 months ago,Incentivized | Verified Purchaser | Owned for 3 weeks
Google Pixel 10 Pro,5,positive,0.9834,0.9718,0.0233,0.0049,1.0,99.38,1,78,7 months ago,Incentivized | Verified Purchaser | Owned for 1 week
Google Pixel 10 Pro,4,positive,0.9794,0.9637,0.0314,0.0048,0.75,87.71,1,55,3 months ago,Incentivized | Verified Purchaser | Owned for 2 weeks
Google Pixel 10 Pro,5,positive,0.9846,0.9739,0.0213,0.0048,1.0,99.45,1,51,1 week ago,Incentivized | Verified Purchaser | Owned for 2 weeks
Google Pixel 10 Pro,5,positive,0.9897,0.9832,0.013,0.0038,1.0,99.73,1,51,1 week ago,Incentivized | Verified Purchaser | Owned for 1 week
Google Pixel 10 Pro,5,positive,0.9267,0.8607,0.1319,0.0073,1.0,96.21,1,160,3 months ago,Incentivized | Verified Purchaser
Google Pixel 10 Pro,5,positive,0.9898,0.9854,0.0088,0.0058,1.0,99.74,1,69,7 months ago,Incentivized | Verified Purchaser
Google Pixel 10 Pro,5,positive,0.9911,0.9861,0.01,0.0039,1.0,99.81,1,53,2 weeks ago,Incentivized | Verified Purchaser | Owned for 3 weeks
Google Pixel 10 Pro,5,positive,0.9899,0.9861,0.0077,0.0062,1.0,99.74,1,56,6 months ago,Incentivized | Verified Purchaser | Owned for 2 weeks
Google Pixel 10 Pro,5,positive,0.9928,0.9891,0.0073,0.0036,1.0,99.9,1,78,,Incentivized | Verified Purchaser | Owned for 3 weeks
Google Pixel 10 Pro,5,positive,0.994,0.9904,0.0071,0.0025,1.0,99.97,1,70,7 months ago,Incentivized | Verified Purchaser | Owned for 1 week
Google Pixel 10 Pro,5,positive,0.9892,0.983,0.0124,0.0046,1.0,99.7,1,12,2 weeks ago,Incentivized | Verified Purchaser | Owned for 3 months
Google Pixel 10 Pro,5,positive,0.9799,0.9694,0.0212,0.0095,1.0,99.18,1,234,,Incentivized | Verified Purchaser | Owned for 1 month
Google Pixel 10 Pro,3,negative,0.4079,0.2965,0.2229,0.4807,0.5,44.27,1,481,7 months ago,Incentivized | Verified Purchaser | Owned for 1 week
Google Pixel 10 Pro,5,positive,0.9915,0.9848,0.0134,0.0018,1.0,99.83,1,71,7 months ago,Incentivized | Verified Purchaser
Google Pixel 10 Pro,5,positive,0.9927,0.9896,0.0061,0.0043,1.0,99.9,1,63,7 months ago,Incentivized | Verified Purchaser | Owned for 2 weeks
Google Pixel 10 Pro,5,positive,0.9885,0.9801,0.0169,0.0031,1.0,99.66,1,59,7 months ago,Incentivized | Verified Purchaser | Owned for 2 weeks
Google Pixel 10 Pro,5,positive,0.9896,0.9857,0.0077,0.0066,1.0,99.73,1,55,7 months ago,Incentivized | Verified Purchaser | Owned for 1 month
Google Pixel 10 Pro,5,positive,0.988,0.9796,0.0169,0.0036,1.0,99.64,1,53,7 months ago,Incentivized | Verified Purchaser | Owned for 2 weeks
Google Pixel 10 Pro,5,positive,0.994,0.9909,0.0063,0.0028,1.0,99.97,1,51,7 months ago,Incentivized | Verified Purchaser | Owned for 1 month
Google Pixel 10 Pro,5,positive,0.9882,0.9799,0.0166,0.0035,1.0,99.65,1,156,,Incentivized | Verified Purchaser
Google Pixel 10 Pro,5,positive,0.9926,0.9876,0.01,0.0025,1.0,99.89,1,54,7 months ago,Incentivized | Verified Purchaser | Owned for 2 weeks
Google Pixel 10 Pro,5,positive,0.9934,0.9896,0.0077,0.0028,1.0,99.94,1,140,3 months ago,Incentivized | Verified Purchaser | Owned for 3 weeks
Google Pixel 10 Pro,5,positive,0.9902,0.9852,0.01,0.0048,1.0,99.76,1,51,7 months ago,Incentivized | Verified Purchaser
Google Pixel 10 Pro,5,positive,0.9781,0.9617,0.0328,0.0055,1.0,99.08,1,2608,7 months ago,Top 500 Contributor | Tech Insider Network Member
Google Pixel 10 Pro,4,positive,0.9776,0.9613,0.0325,0.0061,0.75,87.61,1,79,5 months ago,Incentivized | Verified Purchaser
Google Pixel 10 Pro,5,positive,0.9878,0.9789,0.0178,0.0033,1.0,99.63,1,296,7 months ago,Incentivized | Verified Purchaser
Google Pixel 10 Pro,5,positive,0.9772,0.961,0.0323,0.0067,1.0,99.03,1,154,3 months ago,Incentivized | Verified Purchaser | Owned for 1 month
Google Pixel 10 Pro,5,positive,0.7803,0.5975,0.3656,0.0369,1.0,88.01,1,268,6 months ago,Incentivized | Verified Purchaser
Google Pixel 10 Pro,4,neutral,0.4297,0.154,0.5513,0.2946,0.75,56.94,0,60,5 days ago,Incentivized | Verified Purchaser | Owned for 1 month
Google Pixel 10 Pro,4,positive,0.9891,0.9819,0.0144,0.0037,0.75,88.25,1,244,3 months ago,Incentivized | Verified Purchaser | Owned for 2 weeks
Google Pixel 10 Pro,5,positive,0.9939,0.9899,0.0082,0.002,1.0,99.97,1,103,4 months ago,Incentivized | Verified Purchaser
Google Pixel 10 Pro,5,positive,0.9728,0.956,0.0335,0.0105,1.0,98.79,1,276,7 months ago,Incentivized | Verified Purchaser | Owned for 2 weeks
Google Pixel 10 Pro,5,positive,0.9858,0.9773,0.0169,0.0058,1.0,99.51,1,265,7 months ago,Incentivized | Verified Purchaser | Owned for 1 week
Google Pixel 10 Pro,5,positive,0.986,0.9786,0.0147,0.0067,1.0,99.52,1,92,2 months ago,Incentivized | Verified Purchaser | Owned for 1 month
Google Pixel 10 Pro,4,positive,0.9922,0.9882,0.008,0.0038,0.75,88.42,1,46,5 months ago,Incentivized | Verified Purchaser | Owned for 2 weeks
Google Pixel 10 Pro,4,positive,0.9882,0.9816,0.0134,0.0051,0.75,88.2,1,82,7 months ago,Incentivized | Verified Purchaser | Owned for 1 week
Google Pixel 10 Pro,5,positive,0.9919,0.9867,0.0104,0.0029,1.0,99.85,1,113,3 months ago,Incentivized | Verified Purchaser
Google Pixel 10 Pro,5,positive,0.991,0.9858,0.0104,0.0038,1.0,99.8,1,132,4 months ago,Incentivized | Verified Purchaser
Google Pixel 10 Pro,5,positive,0.9821,0.9668,0.0308,0.0025,1.0,99.31,1,205,7 months ago,Incentivized | Verified Purchaser
Google Pixel 10 Pro,5,positive,0.9884,0.9817,0.0135,0.0048,1.0,99.66,1,75,3 months ago,Incentivized | Verified Purchaser
Google Pixel 10 Pro,5,positive,0.9879,0.9825,0.0107,0.0068,1.0,99.63,1,111,4 months ago,Incentivized | Verified Purchaser
Google Pixel 10 Pro,5,positive,0.9884,0.9828,0.0111,0.0061,1.0,99.66,1,64,2 months ago,Incentivized | Verified Purchaser
Google Pixel 10 Pro,5,positive,0.9894,0.9841,0.0105,0.0054,1.0,99.71,1,205,7 months ago,Incentivized | Verified Purchaser | Owned for 2 weeks
Google Pixel 10 Pro,5,positive,0.9844,0.9726,0.0237,0.0038,1.0,99.43,1,108,4 months ago,Incentivized | Verified Purchaser
Google Pixel 10 Pro,5,positive,0.974,0.9529,0.0421,0.0049,1.0,98.85,1,102,4 months ago,Incentivized | Verified Purchaser | Owned for 2 weeks
Google Pixel 10 Pro,5,positive,0.9859,0.978,0.0157,0.0062,1.0,99.52,1,50,2 months ago,Incentivized | Verified Purchaser | Owned for 1 month
Google Pixel 10 Pro,5,positive,0.9895,0.9841,0.0108,0.0052,1.0,99.72,1,67,3 months ago,Incentivized | Verified Purchaser | Owned for 2 weeks
Google Pixel 10 Pro,5,positive,0.9885,0.9802,0.0165,0.0033,1.0,99.66,1,90,4 months ago,Incentivized | Verified Purchaser | Owned for 1 month
Google Pixel 10 Pro,5,positive,0.9854,0.9747,0.0214,0.0038,1.0,99.49,1,59,3 months ago,Incentivized | Verified Purchaser
Google Pixel 10 Pro,5,positive,0.9923,0.9878,0.0089,0.0032,1.0,99.88,1,123,5 months ago,Incentivized | Verified Purchaser | Owned for 1 month
Google Pixel 10 Pro,5,positive,0.7851,0.6809,0.2085,0.1106,1.0,88.28,1,90,4 months ago,Incentivized | Verified Purchaser | Owned for 2 weeks
Google Pixel 10 Pro,3,positive,0.9621,0.9336,0.057,0.0094,0.5,75.29,0,80,2 months ago,Incentivized | Verified Purchaser | Owned for 1 month
Google Pixel 10 Pro,5,positive,0.9769,0.9623,0.0292,0.0085,1.0,99.01,1,77,3 months ago,Incentivized | Verified Purchaser
Google Pixel 10 Pro,5,positive,0.99,0.9842,0.0116,0.0042,1.0,99.75,1,57,3 months ago,Incentivized | Verified Purchaser | Owned for 3 weeks
Google Pixel 10 Pro,5,positive,0.9766,0.9643,0.0247,0.011,1.0,99.0,1,152,6 months ago,Incentivized | Verified Purchaser
Google Pixel 10 Pro,4,positive,0.8908,0.8277,0.1261,0.0462,0.75,82.75,1,243,6 months ago,Incentivized | Verified Purchaser | Owned for 1 month
Google Pixel 10 Pro,5,positive,0.9916,0.9876,0.0081,0.0043,1.0,99.84,1,81,5 months ago,Incentivized | Verified Purchaser
Google Pixel 10 Pro,5,positive,0.9873,0.9791,0.0164,0.0045,1.0,99.6,1,123,6 months ago,Incentivized | Verified Purchaser | Owned for 3 weeks
Google Pixel 10 Pro,5,positive,0.9872,0.9787,0.0169,0.0044,1.0,99.59,1,115,6 months ago,Incentivized | Verified Purchaser | Owned for 3 weeks
Google Pixel 10 Pro,5,positive,0.9925,0.9882,0.0085,0.0032,1.0,99.89,1,115,6 months ago,Incentivized | Verified Purchaser
Google Pixel 10 Pro,4,positive,0.7405,0.5626,0.3558,0.0816,0.75,74.34,1,69,2 months ago,Incentivized | Verified Purchaser | Owned for 4 months
Google Pixel 10 Pro,5,positive,0.9941,0.9909,0.0065,0.0026,1.0,99.98,1,114,7 months ago,Incentivized | Verified Purchaser | Owned for 1 week
Google Pixel 10 Pro,3,negative,0.0939,0.0192,0.1493,0.8315,0.5,26.7,1,146,6 months ago,Incentivized | Verified Purchaser
Google Pixel 10 Pro,4,positive,0.9904,0.9846,0.0116,0.0038,0.75,88.32,1,60,3 months ago,Incentivized | Verified Purchaser | Owned for 2 weeks
Google Pixel 10 Pro,5,positive,0.9923,0.9877,0.0093,0.003,1.0,99.88,1,53,5 months ago,Incentivized | Verified Purchaser
Google Pixel 10 Pro,3,negative,0.0467,0.011,0.0714,0.9176,0.5,24.06,1,130,2 weeks ago,Incentivized | Verified Purchaser | Owned for 1 month
Google Pixel 10 Pro,5,positive,0.9887,0.981,0.0154,0.0036,1.0,99.68,1,88,6 months ago,Incentivized | Verified Purchaser
Google Pixel 10 Pro,5,positive,0.991,0.9861,0.0099,0.0041,1.0,99.8,1,88,7 months ago,Incentivized | Verified Purchaser
Google Pixel 10 Pro,2,negative,0.1203,0.0286,0.1835,0.7879,0.25,16.73,1,760,6 months ago,Incentivized | Verified Purchaser | Owned for 1 month
Google Pixel 10 Pro,5,positive,0.9902,0.9843,0.0118,0.0039,1.0,99.76,1,86,7 months ago,Incentivized | Verified Purchaser | Owned for 3 weeks
Google Pixel 10 Pro,5,positive,0.9838,0.9743,0.0189,0.0068,1.0,99.4,1,91,7 months ago,Incentivized | Verified Purchaser | Owned for less than 1 week
Google Pixel 10 Pro,4,negative,0.171,0.038,0.2661,0.6959,0.75,42.46,0,82,4 months ago,Incentivized | Verified Purchaser
Google Pixel 10 Pro,5,positive,0.9927,0.9887,0.0079,0.0034,1.0,99.9,1,66,7 months ago,Incentivized | Verified Purchaser | Owned for 1 week
Google Pixel 10 Pro,5,positive,0.9915,0.9876,0.0079,0.0045,1.0,99.83,1,67,7 months ago,Incentivized | Verified Purchaser | Owned for 1 week
Google Pixel 10 Pro,5,positive,0.9902,0.9848,0.0108,0.0044,1.0,99.76,1,69,7 months ago,Incentivized | Verified Purchaser | Owned for 1 week
Google Pixel 10 Pro,4,positive,0.9229,0.8719,0.102,0.0261,0.75,84.55,1,3821,7 months ago,Top 500 Contributor | Tech Insider Network Member
Google Pixel 10 Pro,5,positive,0.9865,0.9747,0.0236,0.0017,1.0,99.55,1,58,7 months ago,Incentivized | Verified Purchaser
Google Pixel 10 Pro,5,positive,0.9724,0.9491,0.0465,0.0044,1.0,98.76,1,57,7 months ago,Incentivized | Verified Purchaser | Owned for 1 week
Google Pixel 10 Pro,5,positive,0.962,0.9338,0.0563,0.0098,1.0,98.18,1,2614,7 months ago,Top 500 Contributor | Tech Insider Network Member
Google Pixel 10 Pro,4,positive,0.9871,0.9782,0.0178,0.004,0.75,88.14,1,107,6 months ago,Incentivized | Verified Purchaser | Best Buy Employee | Owned for less than 1 week
Google Pixel 10 Pro,4,positive,0.9906,0.9848,0.0116,0.0037,0.75,88.33,1,67,5 months ago,Incentivized | Verified Purchaser | Owned for 2 weeks
Google Pixel 10 Pro,5,positive,0.9841,0.9723,0.0237,0.004,1.0,99.42,1,51,7 months ago,Incentivized | Verified Purchaser | Owned for 1 week
Google Pixel 10 Pro,4,positive,0.8358,0.765,0.1415,0.0935,0.75,79.67,1,102,6 months ago,Incentivized | Verified Purchaser | Owned for 2 weeks
Google Pixel 10 Pro,4,positive,0.9848,0.9737,0.0221,0.0042,0.75,88.01,1,115,7 months ago,Incentivized | Verified Purchaser
Google Pixel 10 Pro,3,negative,0.0319,0.0044,0.0549,0.9407,0.5,23.23,1,100,4 months ago,Incentivized | Verified Purchaser | Owned for 2 weeks
Google Pixel 10 Pro,3,negative,0.0493,0.0109,0.0766,0.9124,0.5,24.21,1,162,7 months ago,Incentivized | Verified Purchaser | Owned for 2 weeks
Google Pixel 10 Pro,3,positive,0.8546,0.7306,0.248,0.0213,0.5,69.27,0,100,6 months ago,Incentivized | Verified Purchaser | Owned for 1 week
Google Pixel 10 Pro,1,neutral,0.4756,0.1539,0.6433,0.2028,0.0,25.17,1,516,3 months ago,Incentivized | Verified Purchaser | Owned for 3 weeks
Google Pixel 10 Pro,2,negative,0.0546,0.0099,0.0894,0.9007,0.25,13.05,1,51,3 weeks ago,Incentivized | Verified Purchaser | Owned for 3 months
Google Pixel 10 Pro,1,negative,0.1505,0.0141,0.2728,0.7131,0.0,6.97,1,412,3 months ago,Incentivized | Verified Purchaser
Google Pixel 10 Pro,1,negative,0.0757,0.0132,0.125,0.8618,0.0,2.79,1,783,7 months ago,Incentivized | Verified Purchaser | Owned for 3 weeks
Google Pixel 10 Pro,4,neutral,0.4433,0.2138,0.459,0.3273,0.75,57.7,0,2796,7 months ago,Tech Insider Network Member
Google Pixel 10 Pro,5,positive,0.9785,0.9637,0.0296,0.0067,1.0,99.1,1,1815,7 months ago,Tech Insider Network Member
Google Pixel 10 Pro,5,positive,0.9698,0.9421,0.0553,0.0026,1.0,98.62,1,1072,7 months ago,Tech Insider Network Member
Google Pixel 10 Pro,5,positive,0.9796,0.9636,0.032,0.0045,1.0,99.17,1,4435,7 months ago,Tech Insider Network Member | Top 1000 Contributor
Google Pixel 10 Pro,1,negative,0.0794,0.0091,0.1405,0.8504,0.0,2.99,1,52,1 month ago,Incentivized | Verified Purchaser | Owned for 2 weeks
Google Pixel 10 Pro,5,positive,0.9906,0.9842,0.0129,0.0029,1.0,99.78,1,290,4 months ago,Incentivized
Google Pixel 10 Pro,5,positive,0.9858,0.9752,0.0212,0.0036,1.0,99.51,1,1860,7 months ago,Tech Insider Network Member
Google Pixel 10 Pro,1,negative,0.0907,0.0182,0.1451,0.8367,0.0,3.63,1,419,6 months ago,Incentivized | Verified Purchaser | Owned for 1 month
Google Pixel 10 Pro,1,negative,0.0549,0.0088,0.0922,0.899,0.0,1.62,1,50,7 months ago,Incentivized | Verified Purchaser
Google Pixel 10 Pro,5,positive,0.9644,0.9368,0.0552,0.008,1.0,98.32,1,7747,7 months ago,Tech Insider Network Member | Top 1000 Contributor
Google Pixel 10 Pro,5,positive,0.9882,0.9808,0.0148,0.0044,1.0,99.65,1,429,3 months ago,Incentivized
Google Pixel 10 Pro,5,positive,0.987,0.9766,0.0208,0.0026,1.0,99.58,1,53,2 months ago,Incentivized
Google Pixel 10 Pro,5,positive,0.9858,0.9773,0.017,0.0057,1.0,99.51,1,84,2 months ago,Incentivized
Samsung Galaxy S26 Ultra,5,positive,0.9897,0.9835,0.0124,0.0041,1.0,99.73,1,343,3 weeks ago,Incentivized | Verified Purchaser | Owned for 1 week
Samsung Galaxy S26 Ultra,4,positive,0.9518,0.9218,0.06,0.0182,0.75,86.16,1,412,1 month ago,Incentivized | Verified Purchaser | Owned for 1 week
Samsung Galaxy S26 Ultra,5,positive,0.9846,0.9752,0.0188,0.0059,1.0,99.45,1,235,3 weeks ago,Incentivized | Verified Purchaser | Owned for 1 week
Samsung Galaxy S26 Ultra,5,positive,0.907,0.8259,0.1623,0.0119,1.0,95.1,1,2665,5 days ago,Incentivized | Verified Purchaser | Owned for 1 month
Samsung Galaxy S26 Ultra,5,positive,0.9819,0.9707,0.0225,0.0068,1.0,99.29,1,211,1 month ago,Incentivized | Verified Purchaser | Owned for 1 week
Samsung Galaxy S26 Ultra,5,positive,0.9712,0.9528,0.0369,0.0103,1.0,98.7,1,1024,2 weeks ago,Incentivized | Verified Purchaser | Owned for 3 weeks
Samsung Galaxy S26 Ultra,5,positive,0.9893,0.9816,0.0153,0.003,1.0,99.71,1,1058,3 weeks ago,Incentivized | Verified Purchaser | Owned for 3 weeks
Samsung Galaxy S26 Ultra,5,positive,0.9842,0.9719,0.0246,0.0035,1.0,99.42,1,74,1 month ago,Incentivized | Verified Purchaser | Owned for 1 week
Samsung Galaxy S26 Ultra,5,positive,0.9849,0.9748,0.0203,0.0049,1.0,99.46,1,882,5 days ago,Incentivized | Verified Purchaser | Owned for 1 month
Samsung Galaxy S26 Ultra,5,positive,0.9878,0.9803,0.015,0.0047,1.0,99.63,1,1035,3 weeks ago,Incentivized | Verified Purchaser | Owned for 2 weeks
Samsung Galaxy S26 Ultra,5,positive,0.9758,0.9588,0.0338,0.0073,1.0,98.95,1,818,2 weeks ago,Incentivized | Verified Purchaser | Owned for 3 weeks
Samsung Galaxy S26 Ultra,5,positive,0.9761,0.962,0.0282,0.0098,1.0,98.97,1,247,1 month ago,Incentivized | Verified Purchaser | Owned for 1 week
Samsung Galaxy S26 Ultra,5,positive,0.9907,0.9841,0.0132,0.0027,1.0,99.79,1,195,3 weeks ago,Incentivized | Verified Purchaser | Owned for 2 weeks
Samsung Galaxy S26 Ultra,5,positive,0.9837,0.9713,0.0248,0.0039,1.0,99.4,1,478,4 days ago,Incentivized | Verified Purchaser | Owned for 3 weeks
Samsung Galaxy S26 Ultra,5,positive,0.9833,0.9744,0.0178,0.0078,1.0,99.37,1,437,5 days ago,Incentivized | Verified Purchaser | Owned for 1 month
Samsung Galaxy S26 Ultra,5,positive,0.9917,0.987,0.0093,0.0037,1.0,99.84,1,469,2 weeks ago,Incentivized | Verified Purchaser | Owned for 3 weeks
Samsung Galaxy S26 Ultra,5,positive,0.9898,0.9843,0.0111,0.0047,1.0,99.74,1,458,2 weeks ago,Incentivized | Verified Purchaser | Owned for 3 weeks
Samsung Galaxy S26 Ultra,5,positive,0.9891,0.9815,0.0151,0.0034,1.0,99.7,1,372,5 days ago,Incentivized | Verified Purchaser | Owned for 1 month
Samsung Galaxy S26 Ultra,5,positive,0.9916,0.9866,0.0102,0.0033,1.0,99.84,1,356,5 days ago,Incentivized | Verified Purchaser | Owned for 1 month
Samsung Galaxy S26 Ultra,5,positive,0.9901,0.9833,0.0137,0.003,1.0,99.75,1,338,2 days ago,Incentivized | Verified Purchaser | Owned for 1 month
Samsung Galaxy S26 Ultra,5,positive,0.9887,0.9812,0.015,0.0038,1.0,99.68,1,81,1 month ago,Incentivized | Verified Purchaser | Owned for less than 1 week
Samsung Galaxy S26 Ultra,5,positive,0.9891,0.9823,0.0134,0.0042,1.0,99.7,1,371,2 weeks ago,Incentivized | Verified Purchaser | Owned for 3 weeks
Samsung Galaxy S26 Ultra,5,positive,0.9924,0.9882,0.0085,0.0033,1.0,99.88,1,267,3 days ago,Incentivized | Verified Purchaser | Owned for 3 weeks
Samsung Galaxy S26 Ultra,5,positive,0.9911,0.9866,0.0089,0.0044,1.0,99.81,1,63,1 month ago,Incentivized | Verified Purchaser | Owned for 1 week
Samsung Galaxy S26 Ultra,5,positive,0.9829,0.9711,0.0237,0.0052,1.0,99.35,1,308,2 weeks ago,Incentivized | Verified Purchaser | Owned for 3 weeks
Samsung Galaxy S26 Ultra,5,positive,0.9875,0.9784,0.0181,0.0035,1.0,99.61,1,316,3 weeks ago,Incentivized | Verified Purchaser | Owned for 2 weeks
Samsung Galaxy S26 Ultra,5,positive,0.9881,0.9806,0.015,0.0044,1.0,99.64,1,237,5 days ago,Incentivized | Verified Purchaser | Owned for 1 month
Samsung Galaxy S26 Ultra,5,positive,0.9926,0.9886,0.0081,0.0033,1.0,99.89,1,259,1 week ago,Incentivized | Verified Purchaser | Owned for 2 weeks
Samsung Galaxy S26 Ultra,5,positive,0.9928,0.9891,0.0074,0.0035,1.0,99.9,1,264,2 weeks ago,Incentivized | Verified Purchaser | Owned for 3 weeks
Samsung Galaxy S26 Ultra,5,positive,0.9889,0.9821,0.0135,0.0044,1.0,99.69,1,165,5 days ago,Incentivized | Verified Purchaser | Owned for 1 month
Samsung Galaxy S26 Ultra,5,positive,0.9791,0.9611,0.0359,0.003,1.0,99.14,1,194,2 weeks ago,Incentivized | Verified Purchaser | Owned for 3 weeks
Samsung Galaxy S26 Ultra,5,positive,0.9911,0.9854,0.0113,0.0033,1.0,99.81,1,198,2 weeks ago,Incentivized | Verified Purchaser | Owned for 3 weeks
Samsung Galaxy S26 Ultra,5,positive,0.9872,0.9773,0.0198,0.0029,1.0,99.59,1,202,3 weeks ago,Incentivized | Verified Purchaser | Owned for 3 weeks
Samsung Galaxy S26 Ultra,5,positive,0.9921,0.9882,0.0078,0.004,1.0,99.87,1,178,3 weeks ago,Incentivized | Verified Purchaser | Owned for 1 week
Samsung Galaxy S26 Ultra,5,positive,0.9915,0.9879,0.0072,0.0048,1.0,99.83,1,129,5 days ago,Incentivized | Verified Purchaser | Owned for 1 month
Samsung Galaxy S26 Ultra,5,positive,0.9941,0.9911,0.0061,0.0028,1.0,99.98,1,143,2 weeks ago,Incentivized | Verified Purchaser | Owned for 3 weeks
Samsung Galaxy S26 Ultra,5,positive,0.9917,0.9872,0.009,0.0038,1.0,99.84,1,133,2 weeks ago,Incentivized | Verified Purchaser | Owned for 3 weeks
Samsung Galaxy S26 Ultra,5,positive,0.9816,0.9661,0.0312,0.0028,1.0,99.28,1,93,5 days ago,Incentivized | Verified Purchaser | Owned for 1 month
Samsung Galaxy S26 Ultra,5,positive,0.9871,0.9768,0.0206,0.0026,1.0,99.59,1,121,2 weeks ago,Incentivized | Verified Purchaser | Owned for 3 weeks
Samsung Galaxy S26 Ultra,5,positive,0.9916,0.9868,0.0095,0.0037,1.0,99.84,1,121,2 weeks ago,Incentivized | Verified Purchaser | Owned for 3 weeks
Samsung Galaxy S26 Ultra,5,positive,0.9928,0.9893,0.007,0.0037,1.0,99.9,1,82,5 days ago,Incentivized | Verified Purchaser | Owned for 1 month
Samsung Galaxy S26 Ultra,5,positive,0.9912,0.9869,0.0085,0.0046,1.0,99.82,1,105,2 weeks ago,Incentivized | Verified Purchaser | Owned for 2 weeks
Samsung Galaxy S26 Ultra,5,positive,0.991,0.9864,0.0091,0.0045,1.0,99.8,1,71,5 days ago,Incentivized | Verified Purchaser | Owned for 1 month
Samsung Galaxy S26 Ultra,5,positive,0.7848,0.5755,0.4186,0.0059,1.0,88.26,1,70,4 days ago,Incentivized | Verified Purchaser | Owned for 3 weeks
Samsung Galaxy S26 Ultra,5,positive,0.9755,0.9579,0.0351,0.007,1.0,98.94,1,69,5 days ago,Incentivized | Verified Purchaser | Owned for 1 month
Samsung Galaxy S26 Ultra,5,positive,0.9914,0.9867,0.0094,0.0039,1.0,99.83,1,82,1 week ago,Incentivized | Verified Purchaser | Owned for 3 weeks
Samsung Galaxy S26 Ultra,5,positive,0.9912,0.9858,0.0108,0.0034,1.0,99.82,1,95,2 weeks ago,Incentivized | Verified Purchaser | Owned for 3 weeks
Samsung Galaxy S26 Ultra,5,positive,0.9924,0.9888,0.0072,0.004,1.0,99.88,1,101,2 weeks ago,Incentivized | Verified Purchaser | Owned for 3 weeks
Samsung Galaxy S26 Ultra,4,negative,0.2621,0.1403,0.2437,0.616,0.75,47.56,0,197,2 weeks ago,Incentivized | Verified Purchaser | Owned for 3 weeks
Samsung Galaxy S26 Ultra,5,positive,0.9844,0.974,0.0208,0.0052,1.0,99.43,1,93,2 weeks ago,Incentivized | Verified Purchaser | Owned for 3 weeks
Samsung Galaxy S26 Ultra,5,positive,0.992,0.9869,0.0102,0.003,1.0,99.86,1,74,2 weeks ago,Incentivized | Verified Purchaser | Owned for 3 weeks
Samsung Galaxy S26 Ultra,5,positive,0.9916,0.9868,0.0096,0.0036,1.0,99.84,1,72,2 weeks ago,Incentivized | Verified Purchaser | Owned for 3 weeks
Samsung Galaxy S26 Ultra,5,positive,0.9879,0.9806,0.0147,0.0047,1.0,99.63,1,75,3 weeks ago,Incentivized | Verified Purchaser | Owned for 2 weeks
Samsung Galaxy S26 Ultra,5,positive,0.9933,0.9899,0.0067,0.0034,1.0,99.93,1,85,1 month ago,Incentivized | Verified Purchaser | Owned for 1 week
Samsung Galaxy S26 Ultra,5,positive,0.9901,0.984,0.0122,0.0038,1.0,99.75,1,61,2 weeks ago,Incentivized | Verified Purchaser | Owned for 3 weeks
Samsung Galaxy S26 Ultra,5,positive,0.9873,0.981,0.0125,0.0064,1.0,99.6,1,56,2 weeks ago,Incentivized | Verified Purchaser | Owned for 3 weeks
Samsung Galaxy S26 Ultra,5,positive,0.9916,0.9873,0.0086,0.0041,1.0,99.84,1,55,2 weeks ago,Incentivized | Verified Purchaser
Samsung Galaxy S26 Ultra,5,positive,0.9941,0.9906,0.0069,0.0025,1.0,99.98,1,50,2 weeks ago,Incentivized | Verified Purchaser | Owned for 3 weeks
Samsung Galaxy S26 Ultra,5,positive,0.8581,0.728,0.2603,0.0117,1.0,92.37,1,53,3 weeks ago,Incentivized | Verified Purchaser | Owned for 1 week
Samsung Galaxy S26 Ultra,5,positive,0.9895,0.9846,0.0098,0.0056,1.0,99.72,1,295,3 weeks ago,Incentivized | Verified Purchaser | Owned for 2 weeks
Samsung Galaxy S26 Ultra,5,positive,0.9882,0.9818,0.0127,0.0055,1.0,99.65,1,754,3 weeks ago,Incentivized | Verified Purchaser | Owned for 2 weeks
Samsung Galaxy S26 Ultra,5,positive,0.9768,0.9613,0.0309,0.0078,1.0,99.01,1,809,3 weeks ago,Incentivized | Verified Purchaser | Owned for less than 1 week
Samsung Galaxy S26 Ultra,5,positive,0.9816,0.9705,0.0222,0.0073,1.0,99.28,1,700,3 weeks ago,Incentivized | Verified Purchaser | Owned for 1 week
Samsung Galaxy S26 Ultra,5,negative,0.3469,0.1712,0.3515,0.4773,1.0,63.76,0,613,3 weeks ago,Incentivized | Verified Purchaser | Owned for 2 weeks
Samsung Galaxy S26 Ultra,5,positive,0.9752,0.9605,0.0293,0.0101,1.0,98.92,1,522,3 weeks ago,Incentivized | Verified Purchaser | Owned for 2 weeks
Samsung Galaxy S26 Ultra,5,positive,0.9893,0.9833,0.0118,0.0048,1.0,99.71,1,356,1 month ago,Incentivized | Verified Purchaser | Owned for less than 1 week
Samsung Galaxy S26 Ultra,5,positive,0.9872,0.978,0.0184,0.0036,1.0,99.59,1,351,1 month ago,Incentivized | Verified Purchaser | Owned for less than 1 week
Samsung Galaxy S26 Ultra,5,positive,0.9822,0.9693,0.0258,0.0049,1.0,99.31,1,284,3 weeks ago,Incentivized | Verified Purchaser | Owned for 2 weeks
Samsung Galaxy S26 Ultra,5,positive,0.9087,0.8327,0.1521,0.0153,1.0,95.2,1,1019,1 month ago,Incentivized | Verified Purchaser | Owned for less than 1 week
Samsung Galaxy S26 Ultra,5,positive,0.9899,0.9841,0.0116,0.0043,1.0,99.74,1,228,3 weeks ago,Incentivized | Verified Purchaser | Owned for 2 weeks
Samsung Galaxy S26 Ultra,5,positive,0.9904,0.9847,0.0115,0.0038,1.0,99.77,1,170,3 weeks ago,Incentivized | Verified Purchaser | Owned for 2 weeks
Samsung Galaxy S26 Ultra,5,positive,0.9895,0.9819,0.0152,0.0029,1.0,99.72,1,166,3 weeks ago,Incentivized | Verified Purchaser | Owned for 2 weeks
Samsung Galaxy S26 Ultra,5,positive,0.9897,0.9848,0.0098,0.0054,1.0,99.73,1,167,1 month ago,Incentivized | Verified Purchaser | Owned for 1 week
Samsung Galaxy S26 Ultra,5,positive,0.9491,0.9147,0.0687,0.0166,1.0,97.46,1,605,1 month ago,Incentivized | Verified Purchaser | Owned for 1 week
Samsung Galaxy S26 Ultra,5,positive,0.9211,0.8553,0.1314,0.0132,1.0,95.89,1,1580,3 weeks ago,Incentivized | Verified Purchaser | Owned for 2 weeks
Samsung Galaxy S26 Ultra,5,positive,0.9775,0.9595,0.036,0.0045,1.0,99.05,1,391,1 month ago,Incentivized | Verified Purchaser | Owned for 1 week
Samsung Galaxy S26 Ultra,4,positive,0.6414,0.4566,0.3697,0.1737,0.75,68.79,1,501,1 month ago,Incentivized | Verified Purchaser | Owned for 1 week
Samsung Galaxy S26 Ultra,5,positive,0.987,0.9793,0.0155,0.0053,1.0,99.58,1,1750,1 day ago,Incentivized | Verified Purchaser | Owned for 1 month
Samsung Galaxy S26 Ultra,5,positive,0.9914,0.9865,0.0099,0.0036,1.0,99.83,1,120,1 month ago,Incentivized | Verified Purchaser | Owned for 1 week
Samsung Galaxy S26 Ultra,5,positive,0.9891,0.9817,0.0148,0.0035,1.0,99.7,1,154,1 month ago,Incentivized | Verified Purchaser | Owned for 2 weeks
Samsung Galaxy S26 Ultra,5,positive,0.9795,0.9661,0.0269,0.007,1.0,99.16,1,1230,2 weeks ago,Incentivized | Verified Purchaser | Owned for 2 weeks
Samsung Galaxy S26 Ultra,4,neutral,0.6527,0.376,0.5533,0.0707,0.75,69.42,0,214,3 weeks ago,Incentivized | Verified Purchaser | Owned for 2 weeks
Samsung Galaxy S26 Ultra,5,positive,0.9903,0.9828,0.0151,0.0021,1.0,99.76,1,71,1 month ago,Incentivized | Verified Purchaser | Owned for 1 week
Samsung Galaxy S26 Ultra,4,positive,0.8474,0.739,0.2168,0.0442,0.75,80.32,1,2137,3 weeks ago,Incentivized | Verified Purchaser | Owned for 2 weeks
Samsung Galaxy S26 Ultra,5,positive,0.9906,0.9847,0.0118,0.0035,1.0,99.78,1,93,3 weeks ago,Incentivized | Verified Purchaser | Owned for 2 weeks
Samsung Galaxy S26 Ultra,5,positive,0.9768,0.9568,0.0401,0.0031,1.0,99.01,1,1161,1 month ago,Incentivized | Verified Purchaser | Owned for 1 week
Samsung Galaxy S26 Ultra,5,positive,0.9408,0.9033,0.0749,0.0217,1.0,96.99,1,1348,3 weeks ago,Incentivized | Verified Purchaser | Owned for 2 weeks
Samsung Galaxy S26 Ultra,5,positive,0.9847,0.9745,0.0204,0.0051,1.0,99.45,1,340,1 month ago,Incentivized | Verified Purchaser | Owned for less than 1 week
Samsung Galaxy S26 Ultra,5,positive,0.8034,0.7328,0.1413,0.1259,1.0,89.3,1,371,3 weeks ago,Incentivized | Verified Purchaser | Owned for 2 weeks
Samsung Galaxy S26 Ultra,5,positive,0.9883,0.9802,0.0163,0.0036,1.0,99.65,1,72,1 month ago,Incentivized | Verified Purchaser | Owned for 1 week
Samsung Galaxy S26 Ultra,4,positive,0.9312,0.8883,0.0859,0.0258,0.75,85.01,1,1857,1 week ago,Incentivized | Verified Purchaser | Owned for 3 weeks
Samsung Galaxy S26 Ultra,5,positive,0.9844,0.974,0.0208,0.0052,1.0,99.43,1,919,1 week ago,Incentivized | Verified Purchaser | Owned for 3 weeks
Samsung Galaxy S26 Ultra,5,positive,0.9829,0.9719,0.022,0.0061,1.0,99.35,1,1001,2 weeks ago,Incentivized | Verified Purchaser | Owned for 3 weeks
Samsung Galaxy S26 Ultra,5,positive,0.9726,0.954,0.0371,0.0088,1.0,98.77,1,949,2 weeks ago,Incentivized | Verified Purchaser | Owned for 2 weeks
Samsung Galaxy S26 Ultra,5,positive,0.8776,0.7966,0.1619,0.0415,1.0,93.46,1,297,1 month ago,Incentivized | Verified Purchaser | Owned for 1 week
Samsung Galaxy S26 Ultra,5,positive,0.9896,0.9834,0.0124,0.0042,1.0,99.73,1,291,3 weeks ago,Incentivized | Verified Purchaser | Owned for 2 weeks
Samsung Galaxy S26 Ultra,5,positive,0.977,0.961,0.0321,0.0069,1.0,99.02,1,244,1 month ago,Incentivized | Verified Purchaser | Owned for 1 week
Samsung Galaxy S26 Ultra,5,positive,0.9832,0.9713,0.0238,0.0049,1.0,99.37,1,844,2 weeks ago,Incentivized | Verified Purchaser | Owned for 3 weeks
Samsung Galaxy S26 Ultra,5,positive,0.916,0.8794,0.0732,0.0474,1.0,95.61,1,757,1 week ago,Incentivized | Verified Purchaser | Best Buy Employee | Owned for 2 weeks
Samsung Galaxy S26 Ultra,5,positive,0.955,0.9263,0.0574,0.0163,1.0,97.79,1,664,5 days ago,Incentivized | Verified Purchaser | Owned for 2 weeks
Samsung Galaxy S26 Ultra,5,positive,0.9697,0.9539,0.0316,0.0145,1.0,98.61,1,723,1 week ago,Incentivized | Verified Purchaser | Owned for 1 month
Samsung Galaxy S26 Ultra,5,positive,0.9917,0.9864,0.0105,0.0031,1.0,99.84,1,62,2 weeks ago,Incentivized
Samsung Galaxy S26 Ultra,4,positive,0.9891,0.9817,0.0147,0.0036,0.75,88.25,1,71,3 weeks ago,Incentivized | Verified Purchaser | Owned for 1 week
Samsung Galaxy S26 Ultra,5,positive,0.991,0.9849,0.0123,0.0028,1.0,99.8,1,213,1 month ago,Incentivized | Verified Purchaser | Owned for 1 week
Samsung Galaxy S26 Ultra,5,positive,0.9782,0.9617,0.0331,0.0052,1.0,99.09,1,537,1 day ago,Incentivized | Verified Purchaser | Owned for 1 month
Samsung Galaxy S26 Ultra,5,positive,0.9883,0.9802,0.0162,0.0036,1.0,99.65,1,532,3 days ago,Incentivized | Verified Purchaser | Owned for 1 month
Samsung Galaxy S26 Ultra,5,positive,0.9734,0.9509,0.0449,0.0041,1.0,98.82,1,641,2 weeks ago,Incentivized | Verified Purchaser | Owned for 3 weeks
Samsung Galaxy S26 Ultra,5,positive,0.9922,0.988,0.0085,0.0035,1.0,99.87,1,188,1 month ago,Incentivized | Verified Purchaser | Owned for 1 week
Samsung Galaxy S26 Ultra,5,positive,0.9897,0.9831,0.0132,0.0037,1.0,99.73,1,568,1 week ago,Incentivized | Verified Purchaser | Owned for 1 month
Samsung Galaxy S26 Ultra,5,positive,0.9843,0.9737,0.0213,0.005,1.0,99.43,1,629,3 weeks ago,Incentivized | Verified Purchaser | Owned for 2 weeks
Samsung Galaxy S26 Ultra,5,positive,0.9914,0.9846,0.0136,0.0018,1.0,99.83,1,608,2 weeks ago,Incentivized | Verified Purchaser | Owned for 3 weeks
Samsung Galaxy S26 Ultra,5,positive,0.9866,0.9781,0.0171,0.0048,1.0,99.56,1,184,1 month ago,Incentivized | Verified Purchaser | Owned for 1 week
Samsung Galaxy S26 Ultra,5,positive,0.9817,0.9701,0.0232,0.0067,1.0,99.28,1,497,1 week ago,Incentivized | Verified Purchaser | Owned for 1 month
Samsung Galaxy S26 Ultra,5,positive,0.9933,0.9896,0.0074,0.003,1.0,99.93,1,163,1 month ago,Incentivized | Verified Purchaser | Owned for 1 week
Samsung Galaxy S26 Ultra,5,positive,0.9665,0.9441,0.0448,0.0112,1.0,98.43,1,493,1 month ago,Incentivized | Verified Purchaser | Owned for 1 week
Samsung Galaxy S26 Ultra,4,positive,0.7905,0.648,0.2849,0.067,0.75,77.14,1,797,1 week ago,Incentivized | Verified Purchaser | Owned for 1 month
Samsung Galaxy S26 Ultra,5,positive,0.9823,0.9692,0.0263,0.0045,1.0,99.32,1,585,1 month ago,Incentivized | Verified Purchaser | Owned for 1 week
Samsung Galaxy S26 Ultra,5,positive,0.9916,0.9863,0.0106,0.0031,1.0,99.84,1,420,5 days ago,Incentivized | Verified Purchaser | Owned for 1 week
Samsung Galaxy S26 Ultra,5,positive,0.9894,0.9831,0.0126,0.0043,1.0,99.71,1,477,2 weeks ago,Incentivized | Verified Purchaser | Owned for 3 weeks
Samsung Galaxy S26 Ultra,5,positive,0.9704,0.9466,0.0475,0.0058,1.0,98.65,1,469,2 weeks ago,Incentivized | Verified Purchaser | Owned for 2 weeks
Samsung Galaxy S26 Ultra,5,positive,0.9905,0.9835,0.0139,0.0026,1.0,99.78,1,393,3 days ago,Incentivized | Verified Purchaser | Owned for 1 month
Samsung Galaxy S26 Ultra,5,positive,0.9855,0.9774,0.0162,0.0064,1.0,99.5,1,472,2 weeks ago,Incentivized | Verified Purchaser | Owned for 3 weeks
Samsung Galaxy S26 Ultra,5,positive,0.991,0.9845,0.0131,0.0025,1.0,99.8,1,428,1 week ago,Incentivized | Verified Purchaser | Owned for 3 weeks
Samsung Galaxy S26 Ultra,5,positive,0.9887,0.9825,0.0124,0.0051,1.0,99.68,1,448,2 weeks ago,Incentivized | Verified Purchaser | Owned for 3 weeks
Samsung Galaxy S26 Ultra,5,positive,0.9869,0.9765,0.0208,0.0027,1.0,99.57,1,444,2 weeks ago,Incentivized | Verified Purchaser | Owned for 3 weeks
Samsung Galaxy S26 Ultra,5,neutral,0.7035,0.442,0.523,0.035,1.0,83.71,0,423,2 weeks ago,Incentivized | Verified Purchaser | Owned for 3 weeks
Samsung Galaxy S26 Ultra,5,positive,0.9874,0.9778,0.0193,0.0029,1.0,99.6,1,356,5 days ago,Incentivized | Verified Purchaser | Owned for 1 month
Samsung Galaxy S26 Ultra,4,positive,0.9629,0.9351,0.0555,0.0094,0.75,86.78,1,539,3 days ago,Incentivized | Verified Purchaser | Owned for 1 month
Samsung Galaxy S26 Ultra,5,positive,0.9838,0.9722,0.0232,0.0046,1.0,99.4,1,426,3 weeks ago,Incentivized | Verified Purchaser | Owned for 2 weeks
Samsung Galaxy S26 Ultra,5,positive,0.9858,0.9748,0.022,0.0032,1.0,99.51,1,99,3 weeks ago,Incentivized | Verified Purchaser | Owned for 2 weeks
Samsung Galaxy S26 Ultra,5,positive,0.992,0.987,0.01,0.003,1.0,99.86,1,321,3 weeks ago,Incentivized | Verified Purchaser | Owned for 3 weeks
Samsung Galaxy S26 Ultra,5,positive,0.9927,0.989,0.0075,0.0035,1.0,99.9,1,94,3 weeks ago,Incentivized | Verified Purchaser | Owned for 1 week
Samsung Galaxy S26 Ultra,5,positive,0.9878,0.98,0.0155,0.0045,1.0,99.63,1,387,2 weeks ago,Incentivized | Verified Purchaser | Owned for 3 weeks
Samsung Galaxy S26 Ultra,5,positive,0.9924,0.9886,0.0077,0.0037,1.0,99.88,1,306,5 days ago,Incentivized | Verified Purchaser | Owned for 1 month
Samsung Galaxy S26 Ultra,5,positive,0.9843,0.9739,0.0207,0.0054,1.0,99.43,1,373,2 weeks ago,Incentivized | Verified Purchaser | Owned for 3 weeks
Samsung Galaxy S26 Ultra,5,positive,0.9916,0.9872,0.0088,0.004,1.0,99.84,1,361,2 weeks ago,Incentivized | Verified Purchaser | Owned for 3 weeks
Samsung Galaxy S26 Ultra,5,positive,0.9903,0.9851,0.0105,0.0044,1.0,99.76,1,370,2 weeks ago,Incentivized | Verified Purchaser | Owned for 3 weeks
Samsung Galaxy S26 Ultra,5,positive,0.991,0.985,0.012,0.003,1.0,99.8,1,367,2 weeks ago,Incentivized | Verified Purchaser | Owned for 3 weeks
Samsung Galaxy S26 Ultra,5,positive,0.9917,0.9869,0.0096,0.0035,1.0,99.84,1,360,2 weeks ago,Incentivized | Verified Purchaser | Owned for 3 weeks
Samsung Galaxy S26 Ultra,5,positive,0.9792,0.965,0.0284,0.0066,1.0,99.14,1,346,2 weeks ago,Incentivized | Verified Purchaser | Owned for 1 week
Samsung Galaxy S26 Ultra,5,positive,0.9807,0.9651,0.0311,0.0038,1.0,99.23,1,349,2 weeks ago,Incentivized | Verified Purchaser | Owned for 3 weeks
Samsung Galaxy S26 Ultra,5,positive,0.9921,0.9873,0.0095,0.0031,1.0,99.87,1,284,5 days ago,Incentivized | Verified Purchaser
Samsung Galaxy S26 Ultra,5,positive,0.9921,0.9868,0.0105,0.0027,1.0,99.87,1,73,3 weeks ago,Incentivized | Verified Purchaser | Owned for 1 week
Samsung Galaxy S26 Ultra,5,positive,0.9885,0.9819,0.0131,0.005,1.0,99.66,1,279,,Incentivized | Verified Purchaser | Owned for 1 month
Samsung Galaxy S26 Ultra,4,positive,0.973,0.9524,0.0411,0.0065,0.75,87.35,1,503,1 week ago,Incentivized | Verified Purchaser | Owned for 1 month
Samsung Galaxy S26 Ultra,5,positive,0.9911,0.985,0.0123,0.0027,1.0,99.81,1,306,1 week ago,Incentivized | Verified Purchaser | Owned for 1 month
Samsung Galaxy S26 Ultra,5,positive,0.9756,0.9569,0.0374,0.0056,1.0,98.94,1,329,2 weeks ago,Incentivized | Verified Purchaser | Owned for 3 weeks
Samsung Galaxy S26 Ultra,5,positive,0.9905,0.9856,0.0097,0.0047,1.0,99.78,1,66,1 month ago,Incentivized | Verified Purchaser | Owned for 1 week
Samsung Galaxy S26 Ultra,5,positive,0.9661,0.9462,0.0398,0.0141,1.0,98.41,1,66,1 month ago,Incentivized | Verified Purchaser | Owned for 1 week
Samsung Galaxy S26 Ultra,5,positive,0.992,0.9872,0.0096,0.0032,1.0,99.86,1,57,3 weeks ago,Incentivized | Verified Purchaser | Owned for 2 weeks
Samsung Galaxy S26 Ultra,5,positive,0.9887,0.9817,0.0141,0.0042,1.0,99.68,1,63,1 month ago,Incentivized | Verified Purchaser | Owned for 1 week
Samsung Galaxy S26 Ultra,5,positive,0.9924,0.9878,0.0092,0.003,1.0,99.88,1,313,2 weeks ago,Incentivized | Verified Purchaser | Owned for 3 weeks
Samsung Galaxy S26 Ultra,5,positive,0.9874,0.9786,0.0176,0.0038,1.0,99.6,1,313,2 weeks ago,Incentivized | Verified Purchaser | Owned for 3 weeks
Samsung Galaxy S26 Ultra,5,positive,0.9915,0.9874,0.0082,0.0044,1.0,99.83,1,62,1 month ago,Incentivized | Verified Purchaser | Owned for 1 week
Samsung Galaxy S26 Ultra,5,positive,0.9841,0.9714,0.0253,0.0033,1.0,99.42,1,60,1 month ago,Incentivized | Verified Purchaser | Owned for 1 week
Samsung Galaxy S26 Ultra,5,positive,0.9931,0.9887,0.0088,0.0025,1.0,99.92,1,245,5 days ago,Incentivized | Verified Purchaser | Owned for 2 weeks
Samsung Galaxy S26 Ultra,5,positive,0.9922,0.9875,0.0095,0.003,1.0,99.87,1,51,3 weeks ago,Incentivized | Verified Purchaser | Owned for 2 weeks
Samsung Galaxy S26 Ultra,5,neutral,0.584,0.3734,0.4212,0.2054,1.0,77.03,0,233,5 days ago,Incentivized | Verified Purchaser | Owned for 2 weeks
Samsung Galaxy S26 Ultra,5,positive,0.9565,0.9244,0.0642,0.0114,1.0,97.87,1,300,3 weeks ago,Incentivized | Verified Purchaser | Owned for 2 weeks
Samsung Galaxy S26 Ultra,5,positive,0.9915,0.9873,0.0084,0.0043,1.0,99.83,1,50,1 month ago,Incentivized | Verified Purchaser | Owned for 1 week
Samsung Galaxy S26 Ultra,5,positive,0.9906,0.9867,0.0078,0.0055,1.0,99.78,1,52,1 month ago,Incentivized | Verified Purchaser | Owned for 1 week
Samsung Galaxy S26 Ultra,5,positive,0.9922,0.9886,0.0073,0.0042,1.0,99.87,1,232,4 days ago,Incentivized | Verified Purchaser | Owned for 1 month
Samsung Galaxy S26 Ultra,5,positive,0.9919,0.9878,0.0083,0.0039,1.0,99.85,1,230,5 days ago,Incentivized | Verified Purchaser | Owned for 1 month
Samsung Galaxy S26 Ultra,5,positive,0.9809,0.9676,0.0266,0.0058,1.0,99.24,1,257,1 week ago,Incentivized | Verified Purchaser | Owned for 1 week
Samsung Galaxy S26 Ultra,5,positive,0.9284,0.8871,0.0827,0.0302,1.0,96.3,1,277,2 weeks ago,Incentivized | Verified Purchaser | Owned for 3 weeks
Samsung Galaxy S26 Ultra,5,positive,0.985,0.9755,0.019,0.0055,1.0,99.47,1,216,5 days ago,Incentivized | Verified Purchaser | Owned for 3 weeks
Samsung Galaxy S26 Ultra,5,positive,0.9911,0.9852,0.0118,0.003,1.0,99.81,1,256,2 weeks ago,Incentivized | Verified Purchaser | Owned for 1 week
Samsung Galaxy S26 Ultra,5,positive,0.9838,0.9708,0.0261,0.0032,1.0,99.4,1,261,2 weeks ago,Incentivized | Verified Purchaser | Owned for 3 weeks
Samsung Galaxy S26 Ultra,4,positive,0.807,0.6792,0.2554,0.0653,0.75,78.06,1,108,3 weeks ago,Incentivized | Verified Purchaser | Owned for 2 weeks
Samsung Galaxy S26 Ultra,5,positive,0.9881,0.9809,0.0145,0.0046,1.0,99.64,1,254,2 weeks ago,Incentivized | Verified Purchaser | Owned for 3 weeks
Samsung Galaxy S26 Ultra,5,positive,0.9907,0.9842,0.0129,0.0029,1.0,99.79,1,231,1 week ago,Incentivized | Verified Purchaser | Owned for 3 weeks
Samsung Galaxy S26 Ultra,5,positive,0.9722,0.9491,0.0462,0.0047,1.0,98.75,1,250,2 weeks ago,Incentivized | Verified Purchaser
Samsung Galaxy S26 Ultra,5,neutral,0.7255,0.4685,0.514,0.0175,1.0,84.95,0,249,2 weeks ago,Incentivized | Verified Purchaser | Owned for 3 weeks
Samsung Galaxy S26 Ultra,5,positive,0.9937,0.9905,0.0064,0.003,1.0,99.96,1,190,5 days ago,Incentivized | Verified Purchaser | Owned for 3 weeks
Samsung Galaxy S26 Ultra,5,positive,0.9846,0.975,0.0192,0.0058,1.0,99.45,1,186,5 days ago,Incentivized | Verified Purchaser | Owned for 1 month
Samsung Galaxy S26 Ultra,5,positive,0.9901,0.9841,0.012,0.0039,1.0,99.75,1,234,2 weeks ago,Incentivized | Verified Purchaser
Samsung Galaxy S26 Ultra,5,positive,0.9921,0.9876,0.0089,0.0035,1.0,99.87,1,230,2 weeks ago,Incentivized | Verified Purchaser | Owned for 3 weeks
Samsung Galaxy S26 Ultra,5,positive,0.9768,0.96,0.0335,0.0065,1.0,99.01,1,255,1 month ago,Incentivized | Verified Purchaser | Owned for 1 week
Samsung Galaxy S26 Ultra,5,positive,0.9913,0.9865,0.0095,0.004,1.0,99.82,1,224,2 weeks ago,Incentivized | Verified Purchaser | Owned for 3 weeks
Samsung Galaxy S26 Ultra,5,positive,0.9159,0.8422,0.1475,0.0103,1.0,95.6,1,223,2 weeks ago,Incentivized | Verified Purchaser | Owned for 2 weeks
Samsung Galaxy S26 Ultra,5,positive,0.8092,0.6572,0.3041,0.0388,1.0,89.63,1,221,2 weeks ago,Incentivized | Verified Purchaser | Owned for 3 weeks
Samsung Galaxy S26 Ultra,5,positive,0.9921,0.9872,0.0098,0.003,1.0,99.87,1,170,5 days ago,Incentivized | Verified Purchaser | Owned for 3 weeks
Samsung Galaxy S26 Ultra,5,positive,0.9871,0.977,0.02,0.0029,1.0,99.59,1,168,5 days ago,Incentivized | Verified Purchaser | Owned for 1 month
Samsung Galaxy S26 Ultra,5,positive,0.9865,0.9783,0.0164,0.0053,1.0,99.55,1,215,2 weeks ago,Incentivized | Verified Purchaser | Owned for 3 weeks
Samsung Galaxy S26 Ultra,3,neutral,0.3191,0.0681,0.502,0.4299,0.5,39.3,1,2442,2 weeks ago,Incentivized | Verified Purchaser | Owned for 3 weeks
Samsung Galaxy S26 Ultra,5,positive,0.9847,0.9718,0.0258,0.0024,1.0,99.45,1,195,1 week ago,Incentivized | Verified Purchaser | Owned for 2 weeks
Samsung Galaxy S26 Ultra,5,positive,0.9897,0.9836,0.0122,0.0041,1.0,99.73,1,212,2 weeks ago,Incentivized | Verified Purchaser | Owned for 2 weeks
Samsung Galaxy S26 Ultra,4,positive,0.9275,0.8862,0.0825,0.0313,0.75,84.8,1,357,2 weeks ago,Incentivized | Verified Purchaser | Owned for 3 weeks
Samsung Galaxy S26 Ultra,5,positive,0.9871,0.9808,0.0126,0.0066,1.0,99.59,1,162,2 days ago,Incentivized | Verified Purchaser | Owned for 1 week
Samsung Galaxy S26 Ultra,5,positive,0.95,0.9152,0.0696,0.0152,1.0,97.51,1,208,2 weeks ago,Incentivized | Verified Purchaser | Owned for 3 weeks
Samsung Galaxy S26 Ultra,5,positive,0.9917,0.9873,0.0088,0.0039,1.0,99.84,1,197,2 weeks ago,Incentivized | Verified Purchaser | Owned for 3 weeks
Samsung Galaxy S26 Ultra,5,positive,0.7219,0.5924,0.2591,0.1485,1.0,84.74,1,156,5 days ago,Incentivized | Verified Purchaser | Owned for 1 month
Samsung Galaxy S26 Ultra,5,positive,0.9764,0.9622,0.0285,0.0094,1.0,98.99,1,189,2 weeks ago,Incentivized | Verified Purchaser | Owned for 3 weeks
Samsung Galaxy S26 Ultra,5,positive,0.8697,0.7816,0.1762,0.0422,1.0,93.02,1,150,6 days ago,Incentivized | Verified Purchaser | Owned for 2 weeks
Samsung Galaxy S26 Ultra,5,positive,0.9902,0.9844,0.0117,0.0039,1.0,99.76,1,194,2 weeks ago,Incentivized | Verified Purchaser | Owned for 3 weeks
Samsung Galaxy S26 Ultra,5,positive,0.9862,0.9775,0.0174,0.0051,1.0,99.54,1,193,2 weeks ago,Incentivized | Verified Purchaser | Owned for 3 weeks
Samsung Galaxy S26 Ultra,5,positive,0.9831,0.9714,0.0234,0.0052,1.0,99.36,1,187,2 weeks ago,Incentivized | Verified Purchaser | Owned for 3 weeks
Samsung Galaxy S26 Ultra,5,positive,0.9821,0.9666,0.0311,0.0023,1.0,99.31,1,193,3 weeks ago,Incentivized | Verified Purchaser | Owned for 2 weeks
Samsung Galaxy S26 Ultra,4,positive,0.5161,0.4077,0.2167,0.3755,0.75,61.78,1,309,2 weeks ago,Incentivized | Verified Purchaser | Owned for 3 weeks
Samsung Galaxy S26 Ultra,5,positive,0.9909,0.9859,0.01,0.0041,1.0,99.8,1,137,5 days ago,Incentivized | Verified Purchaser | Owned for 1 month
Samsung Galaxy S26 Ultra,5,positive,0.9927,0.9889,0.0076,0.0035,1.0,99.9,1,136,5 days ago,Incentivized | Verified Purchaser | Owned for 3 weeks
Samsung Galaxy S26 Ultra,5,positive,0.9926,0.9883,0.0087,0.0031,1.0,99.89,1,180,2 weeks ago,Incentivized | Verified Purchaser | Owned for 3 weeks
Samsung Galaxy S26 Ultra,5,positive,0.9889,0.9839,0.01,0.0061,1.0,99.69,1,167,2 weeks ago,Incentivized | Verified Purchaser | Owned for 3 weeks
Samsung Galaxy S26 Ultra,5,positive,0.9113,0.844,0.1345,0.0215,1.0,95.34,1,132,5 days ago,Incentivized | Verified Purchaser | Owned for 1 month
Samsung Galaxy S26 Ultra,5,positive,0.9879,0.9804,0.0151,0.0046,1.0,99.63,1,131,6 hours ago,Incentivized | Verified Purchaser | Owned for 1 month
Samsung Galaxy S26 Ultra,5,positive,0.9726,0.9632,0.0188,0.0179,1.0,98.77,1,174,2 weeks ago,Incentivized | Verified Purchaser | Owned for 3 weeks
Samsung Galaxy S26 Ultra,5,negative,0.1834,0.0296,0.3075,0.6629,1.0,54.61,0,131,5 days ago,Incentivized | Verified Purchaser | Owned for 1 month
Samsung Galaxy S26 Ultra,5,positive,0.9923,0.9888,0.0071,0.0041,1.0,99.88,1,172,2 weeks ago,Incentivized | Verified Purchaser | Owned for 3 weeks
Samsung Galaxy S26 Ultra,5,positive,0.971,0.9453,0.0516,0.0032,1.0,98.68,1,168,2 weeks ago,Incentivized | Verified Purchaser | Owned for 3 weeks
Samsung Galaxy S26 Ultra,5,positive,0.9787,0.9664,0.0246,0.0091,1.0,99.12,1,172,2 weeks ago,Incentivized | Verified Purchaser | Owned for 3 weeks
Samsung Galaxy S26 Ultra,5,positive,0.9717,0.9496,0.0443,0.0062,1.0,98.72,1,170,2 weeks ago,Incentivized | Verified Purchaser | Owned for 3 weeks
Samsung Galaxy S26 Ultra,5,positive,0.9909,0.9853,0.0112,0.0035,1.0,99.8,1,127,5 days ago,Incentivized | Verified Purchaser | Owned for 1 month
Samsung Galaxy S26 Ultra,5,positive,0.9769,0.9629,0.0279,0.0091,1.0,99.01,1,126,5 days ago,Incentivized | Verified Purchaser | Owned for 1 month
Samsung Galaxy S26 Ultra,5,positive,0.9894,0.982,0.0147,0.0033,1.0,99.71,1,124,5 days ago,Incentivized | Verified Purchaser | Owned for 1 month
Samsung Galaxy S26 Ultra,5,positive,0.9812,0.9696,0.0233,0.0071,1.0,99.26,1,162,2 weeks ago,Incentivized | Verified Purchaser | Owned for 3 weeks
Samsung Galaxy S26 Ultra,5,positive,0.949,0.9035,0.091,0.0055,1.0,97.45,1,186,1 month ago,Incentivized | Verified Purchaser | Owned for 2 weeks
Samsung Galaxy S26 Ultra,5,positive,0.9927,0.9886,0.0083,0.0031,1.0,99.9,1,122,1 day ago,Incentivized | Verified Purchaser | Owned for less than 1 week
Samsung Galaxy S26 Ultra,5,positive,0.9903,0.9838,0.013,0.0032,1.0,99.76,1,164,2 weeks ago,Incentivized | Verified Purchaser | Owned for 2 weeks
Samsung Galaxy S26 Ultra,5,positive,0.9872,0.9776,0.0191,0.0032,1.0,99.59,1,168,3 weeks ago,Incentivized | Verified Purchaser | Owned for 1 week
Samsung Galaxy S26 Ultra,5,positive,0.9892,0.9836,0.0112,0.0053,1.0,99.7,1,152,2 weeks ago,Incentivized | Verified Purchaser | Owned for 3 weeks
Samsung Galaxy S26 Ultra,5,positive,0.9909,0.985,0.0118,0.0032,1.0,99.8,1,158,2 weeks ago,Incentivized | Verified Purchaser | Owned for 3 weeks
Samsung Galaxy S26 Ultra,5,positive,0.9895,0.9828,0.0133,0.0039,1.0,99.72,1,158,2 weeks ago,Incentivized | Verified Purchaser | Owned for 3 weeks
Samsung Galaxy S26 Ultra,5,positive,0.9811,0.9675,0.0274,0.0052,1.0,99.25,1,155,2 weeks ago,Incentivized | Verified Purchaser | Owned for 3 weeks
Samsung Galaxy S26 Ultra,5,positive,0.9877,0.98,0.0154,0.0047,1.0,99.62,1,155,2 weeks ago,Incentivized | Verified Purchaser | Owned for 3 weeks
Samsung Galaxy S26 Ultra,5,positive,0.9897,0.9843,0.0108,0.0049,1.0,99.73,1,138,1 week ago,Incentivized | Verified Purchaser | Owned for 1 month
Samsung Galaxy S26 Ultra,5,positive,0.9889,0.9823,0.0131,0.0046,1.0,99.69,1,133,1 week ago,Incentivized | Verified Purchaser | Owned for 3 weeks
Samsung Galaxy S26 Ultra,5,positive,0.9894,0.9827,0.0135,0.0039,1.0,99.71,1,146,2 weeks ago,Incentivized | Verified Purchaser | Owned for 3 weeks
Samsung Galaxy S26 Ultra,5,positive,0.9918,0.9865,0.0105,0.0029,1.0,99.85,1,111,5 days ago,Incentivized | Verified Purchaser | Owned for 1 month
Samsung Galaxy S26 Ultra,5,positive,0.9634,0.9371,0.0526,0.0104,1.0,98.26,1,110,4 days ago,Incentivized | Verified Purchaser | Owned for 3 weeks
Samsung Galaxy S26 Ultra,5,positive,0.9857,0.9761,0.0191,0.0048,1.0,99.51,1,149,2 weeks ago,Incentivized | Verified Purchaser | Owned for 2 weeks
Samsung Galaxy S26 Ultra,5,positive,0.9874,0.9794,0.016,0.0046,1.0,99.6,1,134,1 week ago,Incentivized | Verified Purchaser | Owned for 3 weeks
Samsung Galaxy S26 Ultra,5,positive,0.9934,0.9896,0.0077,0.0028,1.0,99.94,1,108,5 days ago,Incentivized | Verified Purchaser | Owned for 1 month
Samsung Galaxy S26 Ultra,5,positive,0.9673,0.9412,0.0522,0.0066,1.0,98.48,1,108,5 days ago,Incentivized | Verified Purchaser | Owned for 1 month
Samsung Galaxy S26 Ultra,5,positive,0.9861,0.977,0.0183,0.0047,1.0,99.53,1,137,2 weeks ago,Incentivized | Verified Purchaser | Owned for 3 weeks
Samsung Galaxy S26 Ultra,5,positive,0.9908,0.9852,0.0112,0.0036,1.0,99.79,1,106,5 days ago,Incentivized | Verified Purchaser | Owned for 1 month
Samsung Galaxy S26 Ultra,2,negative,0.1077,0.0287,0.1579,0.8134,0.25,16.03,1,2811,3 days ago,Incentivized | Verified Purchaser | Owned for 1 month
Samsung Galaxy S26 Ultra,5,positive,0.9911,0.9856,0.0109,0.0035,1.0,99.81,1,142,2 weeks ago,Incentivized | Verified Purchaser | Owned for 3 weeks
Samsung Galaxy S26 Ultra,5,positive,0.9897,0.9834,0.0126,0.004,1.0,99.73,1,138,2 weeks ago,Incentivized | Verified Purchaser | Owned for 2 weeks
Samsung Galaxy S26 Ultra,3,negative,0.1025,0.0247,0.1557,0.8197,0.5,27.18,1,1561,2 weeks ago,Incentivized | Verified Purchaser | Owned for 3 weeks
Samsung Galaxy S26 Ultra,5,positive,0.9934,0.9897,0.0075,0.0029,1.0,99.94,1,100,5 days ago,Incentivized | Verified Purchaser | Owned for 3 weeks
Samsung Galaxy S26 Ultra,5,positive,0.9923,0.9875,0.0096,0.0029,1.0,99.88,1,134,2 weeks ago,Incentivized | Verified Purchaser | Owned for 3 weeks
Samsung Galaxy S26 Ultra,5,positive,0.8364,0.7483,0.1762,0.0755,1.0,91.15,1,97,4 days ago,Incentivized | Verified Purchaser | Owned for 1 month
Samsung Galaxy S26 Ultra,5,positive,0.9931,0.9886,0.0092,0.0023,1.0,99.92,1,96,5 days ago,Incentivized | Verified Purchaser | Owned for 1 month
Samsung Galaxy S26 Ultra,5,positive,0.8751,0.782,0.1863,0.0317,1.0,93.32,1,148,3 weeks ago,Incentivized | Verified Purchaser | Owned for 1 week
Samsung Galaxy S26 Ultra,5,positive,0.9937,0.9904,0.0067,0.003,1.0,99.96,1,95,4 days ago,Incentivized | Verified Purchaser | Owned for 1 month
Samsung Galaxy S26 Ultra,5,positive,0.9912,0.9866,0.0093,0.0041,1.0,99.82,1,131,2 weeks ago,Incentivized | Verified Purchaser | Owned for 3 weeks
Samsung Galaxy S26 Ultra,5,positive,0.994,0.9909,0.0061,0.0029,1.0,99.97,1,116,,Incentivized | Verified Purchaser | Owned for 1 month
Samsung Galaxy S26 Ultra,5,positive,0.9856,0.9776,0.0162,0.0063,1.0,99.5,1,151,1 month ago,Incentivized | Verified Purchaser | Owned for 1 week
Samsung Galaxy S26 Ultra,5,positive,0.9932,0.9893,0.0078,0.0029,1.0,99.93,1,93,5 days ago,Incentivized | Verified Purchaser | Owned for 1 month
Samsung Galaxy S26 Ultra,5,positive,0.9683,0.9453,0.0461,0.0086,1.0,98.53,1,130,2 weeks ago,Incentivized | Verified Purchaser | Owned for 3 weeks
Samsung Galaxy S26 Ultra,5,positive,0.9925,0.9884,0.0083,0.0033,1.0,99.89,1,130,2 weeks ago,Incentivized | Verified Purchaser | Owned for 3 weeks
Samsung Galaxy S26 Ultra,5,positive,0.9923,0.988,0.0087,0.0033,1.0,99.88,1,128,2 weeks ago,Incentivized | Verified Purchaser | Owned for 3 weeks
Samsung Galaxy S26 Ultra,5,positive,0.9937,0.9903,0.0068,0.0029,1.0,99.96,1,92,5 days ago,Incentivized | Verified Purchaser | Owned for 1 month
Samsung Galaxy S26 Ultra,5,positive,0.9921,0.9874,0.0094,0.0032,1.0,99.87,1,91,4 days ago,Incentivized | Verified Purchaser | Owned for 3 weeks
Samsung Galaxy S26 Ultra,5,positive,0.9916,0.9873,0.0086,0.0041,1.0,99.84,1,105,1 week ago,Incentivized | Verified Purchaser | Owned for 1 month
Samsung Galaxy S26 Ultra,5,positive,0.9885,0.9792,0.0187,0.0021,1.0,99.66,1,127,2 weeks ago,Incentivized | Verified Purchaser | Owned for 3 weeks
Samsung Galaxy S26 Ultra,5,negative,0.3254,0.1972,0.2564,0.5464,1.0,62.55,0,89,5 days ago,Incentivized | Verified Purchaser | Owned for 1 month
Samsung Galaxy S26 Ultra,5,positive,0.8647,0.7813,0.1668,0.0519,1.0,92.74,1,124,2 weeks ago,Incentivized | Verified Purchaser | Owned for 3 weeks
Samsung Galaxy S26 Ultra,5,positive,0.9921,0.9882,0.0079,0.0039,1.0,99.87,1,121,2 weeks ago,Incentivized | Verified Purchaser | Owned for 3 weeks
Samsung Galaxy S26 Ultra,5,positive,0.9732,0.953,0.0404,0.0066,1.0,98.81,1,121,2 weeks ago,Incentivized | Verified Purchaser | Owned for 3 weeks
Samsung Galaxy S26 Ultra,5,positive,0.9924,0.9878,0.0091,0.0031,1.0,99.88,1,117,2 weeks ago,Incentivized | Verified Purchaser | Owned for 2 weeks
Samsung Galaxy S26 Ultra,4,positive,0.9662,0.9407,0.051,0.0083,0.75,86.97,1,185,5 days ago,Incentivized | Verified Purchaser | Owned for 1 month
Samsung Galaxy S26 Ultra,5,positive,0.9891,0.9813,0.0155,0.0032,1.0,99.7,1,87,4 days ago,Incentivized | Verified Purchaser | Owned for 1 month
Samsung Galaxy S26 Ultra,5,positive,0.992,0.9875,0.009,0.0035,1.0,99.86,1,126,2 weeks ago,Incentivized | Verified Purchaser | Owned for less than 1 week
Samsung Galaxy S26 Ultra,5,positive,0.9898,0.9835,0.0128,0.0038,1.0,99.74,1,119,2 weeks ago,Incentivized | Verified Purchaser | Owned for 3 weeks
Samsung Galaxy S26 Ultra,5,positive,0.9386,0.9022,0.0728,0.025,1.0,96.87,1,105,1 week ago,Incentivized | Verified Purchaser | Owned for 2 weeks
Samsung Galaxy S26 Ultra,5,positive,0.9872,0.979,0.0164,0.0046,1.0,99.59,1,120,2 weeks ago,Incentivized | Verified Purchaser | Owned for 3 weeks
Samsung Galaxy S26 Ultra,5,positive,0.9901,0.9848,0.0106,0.0046,1.0,99.75,1,119,2 weeks ago,Incentivized | Verified Purchaser | Owned for 3 weeks
Samsung Galaxy S26 Ultra,5,positive,0.9932,0.9895,0.0074,0.0031,1.0,99.93,1,83,5 days ago,Incentivized | Verified Purchaser | Owned for 1 month
Samsung Galaxy S26 Ultra,5,positive,0.9911,0.9853,0.0115,0.0032,1.0,99.81,1,80,5 days ago,Incentivized | Verified Purchaser | Owned for 1 month
Samsung Galaxy S26 Ultra,5,positive,0.9783,0.9633,0.03,0.0067,1.0,99.09,1,113,2 weeks ago,Incentivized | Verified Purchaser | Owned for 3 weeks
Samsung Galaxy S26 Ultra,5,positive,0.99,0.9839,0.0122,0.0039,1.0,99.75,1,81,4 days ago,Incentivized | Verified Purchaser | Owned for 3 weeks
Samsung Galaxy S26 Ultra,5,positive,0.9922,0.9876,0.0092,0.0033,1.0,99.87,1,114,2 weeks ago,Incentivized | Verified Purchaser | Owned for 3 weeks
Samsung Galaxy S26 Ultra,5,positive,0.9832,0.9728,0.0209,0.0063,1.0,99.37,1,113,2 weeks ago,Incentivized | Verified Purchaser | Owned for 3 weeks
Samsung Galaxy S26 Ultra,5,positive,0.9888,0.9837,0.0104,0.006,1.0,99.68,1,110,2 weeks ago,Incentivized | Verified Purchaser | Owned for 3 weeks
Samsung Galaxy S26 Ultra,5,positive,0.9913,0.9871,0.0083,0.0046,1.0,99.82,1,99,1 week ago,Incentivized | Verified Purchaser | Owned for 3 weeks
Samsung Galaxy S26 Ultra,5,positive,0.98,0.9667,0.0265,0.0068,1.0,99.19,1,76,4 days ago,Incentivized | Verified Purchaser | Owned for 1 month
Samsung Galaxy S26 Ultra,5,positive,0.9904,0.985,0.0109,0.0041,1.0,99.77,1,110,2 weeks ago,Incentivized | Verified Purchaser | Owned for 2 weeks
Samsung Galaxy S26 Ultra,5,positive,0.9888,0.9805,0.0168,0.0028,1.0,99.68,1,109,2 weeks ago,Incentivized | Verified Purchaser | Owned for 2 weeks
Samsung Galaxy S26 Ultra,5,positive,0.6797,0.456,0.4473,0.0966,1.0,82.38,1,110,2 weeks ago,Incentivized | Verified Purchaser | Owned for 3 weeks
Samsung Galaxy S26 Ultra,4,positive,0.6034,0.4647,0.2773,0.258,0.75,66.66,1,165,3 weeks ago,Incentivized | Verified Purchaser | Owned for 3 weeks
Samsung Galaxy S26 Ultra,5,positive,0.9838,0.9714,0.025,0.0037,1.0,99.4,1,73,5 days ago,Incentivized | Verified Purchaser | Owned for 1 month
Samsung Galaxy S26 Ultra,5,positive,0.993,0.9889,0.0082,0.003,1.0,99.92,1,107,2 weeks ago,Incentivized | Verified Purchaser | Owned for 2 weeks
Samsung Galaxy S26 Ultra,5,positive,0.9911,0.9865,0.0091,0.0044,1.0,99.81,1,92,1 week ago,Incentivized | Verified Purchaser | Owned for 2 weeks
Samsung Galaxy S26 Ultra,5,positive,0.9906,0.9847,0.012,0.0034,1.0,99.78,1,71,5 days ago,Incentivized | Verified Purchaser
Samsung Galaxy S26 Ultra,4,positive,0.9833,0.9718,0.0232,0.0051,0.75,87.93,1,188,1 week ago,Incentivized | Verified Purchaser | Owned for 3 weeks
Samsung Galaxy S26 Ultra,5,positive,0.8806,0.771,0.2192,0.0098,1.0,93.63,1,70,5 days ago,Incentivized | Verified Purchaser | Owned for 3 weeks
Samsung Galaxy S26 Ultra,5,positive,0.9922,0.9874,0.0097,0.0029,1.0,99.87,1,104,2 weeks ago,Incentivized | Verified Purchaser | Owned for 3 weeks
Samsung Galaxy S26 Ultra,5,positive,0.9924,0.9879,0.0089,0.0032,1.0,99.88,1,104,2 weeks ago,Incentivized | Verified Purchaser | Owned for 3 weeks
Samsung Galaxy S26 Ultra,5,positive,0.9432,0.894,0.0984,0.0076,1.0,97.13,1,103,2 weeks ago,Incentivized | Verified Purchaser | Owned for 3 weeks
Samsung Galaxy S26 Ultra,5,positive,0.9827,0.9705,0.0244,0.0051,1.0,99.34,1,98,2 weeks ago,Incentivized | Verified Purchaser | Owned for 3 weeks
Samsung Galaxy S26 Ultra,5,positive,0.9914,0.9866,0.0095,0.0039,1.0,99.83,1,67,1 day ago,Incentivized | Verified Purchaser | Owned for 1 month
Samsung Galaxy S26 Ultra,5,positive,0.9929,0.989,0.0079,0.0032,1.0,99.91,1,102,2 weeks ago,Incentivized | Verified Purchaser | Owned for 2 weeks
Samsung Galaxy S26 Ultra,5,positive,0.9891,0.984,0.0103,0.0057,1.0,99.7,1,98,2 weeks ago,Incentivized | Verified Purchaser | Owned for 3 weeks
Samsung Galaxy S26 Ultra,5,positive,0.9821,0.9681,0.028,0.0039,1.0,99.31,1,87,1 week ago,Incentivized | Verified Purchaser | Owned for 2 weeks
Samsung Galaxy S26 Ultra,5,positive,0.9927,0.9881,0.0093,0.0026,1.0,99.9,1,99,2 weeks ago,Incentivized | Verified Purchaser | Owned for 3 weeks
Samsung Galaxy S26 Ultra,5,positive,0.9914,0.9858,0.0112,0.0031,1.0,99.83,1,86,1 week ago,Incentivized | Verified Purchaser | Owned for 2 weeks
Samsung Galaxy S26 Ultra,5,positive,0.9912,0.9865,0.0095,0.004,1.0,99.82,1,97,2 weeks ago,Incentivized | Verified Purchaser | Owned for 3 weeks
Samsung Galaxy S26 Ultra,5,positive,0.991,0.986,0.0099,0.0041,1.0,99.8,1,98,2 weeks ago,Incentivized | Verified Purchaser | Owned for 3 weeks
Samsung Galaxy S26 Ultra,5,positive,0.9895,0.9832,0.0127,0.0041,1.0,99.72,1,64,5 days ago,Incentivized | Verified Purchaser | Owned for 1 month
Samsung Galaxy S26 Ultra,4,neutral,0.5716,0.3567,0.4296,0.2136,0.75,64.88,0,176,1 week ago,Incentivized | Verified Purchaser | Owned for 2 weeks
Samsung Galaxy S26 Ultra,5,positive,0.9917,0.9878,0.0077,0.0045,1.0,99.84,1,63,5 days ago,Incentivized | Verified Purchaser | Owned for 2 weeks
Samsung Galaxy S26 Ultra,4,positive,0.624,0.4991,0.2498,0.2511,0.75,67.82,1,190,2 weeks ago,Incentivized | Verified Purchaser | Owned for 3 weeks
Samsung Galaxy S26 Ultra,5,positive,0.9938,0.9902,0.0072,0.0026,1.0,99.96,1,103,3 weeks ago,Incentivized | Verified Purchaser | Owned for 2 weeks
Samsung Galaxy S26 Ultra,4,neutral,0.3744,0.108,0.5328,0.3592,0.75,53.85,0,176,1 week ago,Incentivized | Verified Purchaser
Samsung Galaxy S26 Ultra,5,positive,0.993,0.9893,0.0074,0.0033,1.0,99.92,1,61,5 days ago,Incentivized | Verified Purchaser | Owned for 1 month
Samsung Galaxy S26 Ultra,5,positive,0.9912,0.9874,0.0076,0.005,1.0,99.82,1,94,,Incentivized | Verified Purchaser | Owned for 2 weeks
Samsung Galaxy S26 Ultra,5,positive,0.9924,0.9883,0.0082,0.0035,1.0,99.88,1,94,2 weeks ago,Incentivized | Verified Purchaser | Owned for 3 weeks
Samsung Galaxy S26 Ultra,5,positive,0.9899,0.984,0.0117,0.0043,1.0,99.74,1,60,4 days ago,Incentivized | Verified Purchaser | Owned for 1 month
Samsung Galaxy S26 Ultra,5,positive,0.9937,0.9899,0.0075,0.0026,1.0,99.96,1,91,2 weeks ago,Incentivized | Verified Purchaser | Owned for 3 weeks
Samsung Galaxy S26 Ultra,5,positive,0.9937,0.9903,0.0069,0.0028,1.0,99.96,1,58,5 days ago,Incentivized | Verified Purchaser | Owned for 1 month
Samsung Galaxy S26 Ultra,5,positive,0.9939,0.9905,0.0069,0.0027,1.0,99.97,1,56,5 days ago,Incentivized | Verified Purchaser | Owned for 1 month
Samsung Galaxy S26 Ultra,5,positive,0.9899,0.9846,0.0106,0.0048,1.0,99.74,1,90,2 weeks ago,Incentivized | Verified Purchaser | Owned for 3 weeks
Samsung Galaxy S26 Ultra,5,positive,0.9879,0.9798,0.0163,0.0039,1.0,99.63,1,88,2 weeks ago,Incentivized | Verified Purchaser | Owned for 2 weeks
Samsung Galaxy S26 Ultra,5,positive,0.9898,0.9825,0.0145,0.003,1.0,99.74,1,57,2 days ago,Incentivized | Verified Purchaser | Owned for 1 month
Samsung Galaxy S26 Ultra,5,negative,0.0861,0.0142,0.1438,0.842,1.0,49.16,0,89,2 weeks ago,Incentivized | Verified Purchaser | Owned for 3 weeks
Samsung Galaxy S26 Ultra,5,positive,0.9823,0.9723,0.02,0.0077,1.0,99.32,1,90,3 weeks ago,Incentivized | Verified Purchaser | Owned for 2 weeks
Samsung Galaxy S26 Ultra,5,positive,0.9781,0.9593,0.0376,0.0031,1.0,99.08,1,88,2 weeks ago,Incentivized | Verified Purchaser | Owned for 3 weeks
Samsung Galaxy S26 Ultra,5,positive,0.9919,0.9864,0.0109,0.0027,1.0,99.85,1,88,2 weeks ago,Incentivized | Verified Purchaser | Owned for 3 weeks
Samsung Galaxy S26 Ultra,5,positive,0.9515,0.9298,0.0435,0.0267,1.0,97.59,1,88,2 weeks ago,Incentivized | Verified Purchaser | Owned for 3 weeks
Samsung Galaxy S26 Ultra,5,positive,0.9912,0.986,0.0103,0.0037,1.0,99.82,1,89,2 weeks ago,Incentivized | Verified Purchaser | Owned for 2 weeks
Samsung Galaxy S26 Ultra,5,positive,0.9848,0.9743,0.0209,0.0047,1.0,99.46,1,85,2 weeks ago,Incentivized | Verified Purchaser | Owned for 3 weeks
Samsung Galaxy S26 Ultra,4,negative,0.0606,0.0134,0.0945,0.8921,0.75,36.29,0,180,2 weeks ago,Incentivized | Verified Purchaser | Owned for 3 weeks
Samsung Galaxy S26 Ultra,5,positive,0.9909,0.9857,0.0104,0.0039,1.0,99.8,1,71,1 week ago,Incentivized | Verified Purchaser | Owned for 3 weeks
Samsung Galaxy S26 Ultra,5,positive,0.9724,0.9491,0.0465,0.0044,1.0,98.76,1,83,2 weeks ago,Incentivized | Verified Purchaser | Owned for 3 weeks
Samsung Galaxy S26 Ultra,5,positive,0.9911,0.9862,0.0099,0.0039,1.0,99.81,1,82,2 weeks ago,Incentivized | Verified Purchaser | Owned for 3 weeks
Samsung Galaxy S26 Ultra,5,positive,0.9923,0.9882,0.0082,0.0036,1.0,99.88,1,52,4 days ago,Incentivized | Verified Purchaser | Owned for 2 weeks
Samsung Galaxy S26 Ultra,5,positive,0.9916,0.9872,0.009,0.0039,1.0,99.84,1,67,1 week ago,Incentivized | Verified Purchaser | Owned for 2 weeks
Samsung Galaxy S26 Ultra,5,positive,0.9881,0.9796,0.017,0.0034,1.0,99.64,1,82,2 weeks ago,Incentivized | Verified Purchaser | Owned for 3 weeks
Samsung Galaxy S26 Ultra,5,positive,0.9915,0.9858,0.0113,0.0029,1.0,99.83,1,75,2 weeks ago,Incentivized | Verified Purchaser | Owned for 1 month
Samsung Galaxy S26 Ultra,5,positive,0.9923,0.9878,0.0089,0.0033,1.0,99.88,1,50,5 days ago,Incentivized | Verified Purchaser | Owned for 1 month
Samsung Galaxy S26 Ultra,5,positive,0.9895,0.9831,0.0128,0.0041,1.0,99.72,1,71,1 week ago,Incentivized | Verified Purchaser | Owned for 2 weeks
Samsung Galaxy S26 Ultra,5,positive,0.9873,0.9791,0.0163,0.0046,1.0,99.6,1,71,1 week ago,Incentivized | Verified Purchaser | Owned for 2 weeks
Samsung Galaxy S26 Ultra,5,positive,0.9901,0.9839,0.0124,0.0037,1.0,99.75,1,50,5 days ago,Incentivized | Verified Purchaser | Owned for 1 month
Samsung Galaxy S26 Ultra,5,positive,0.9896,0.9833,0.0126,0.004,1.0,99.73,1,50,5 days ago,Incentivized | Verified Purchaser | Owned for 1 month
Samsung Galaxy S26 Ultra,5,positive,0.977,0.9623,0.0293,0.0084,1.0,99.02,1,50,4 days ago,Incentivized | Verified Purchaser | Owned for 1 month
Samsung Galaxy S26 Ultra,5,positive,0.9894,0.983,0.0127,0.0043,1.0,99.71,1,81,2 weeks ago,Incentivized | Verified Purchaser | Owned for 3 weeks
Samsung Galaxy S26 Ultra,5,positive,0.9875,0.9792,0.0167,0.0041,1.0,99.61,1,73,2 weeks ago,Incentivized | Verified Purchaser | Owned for 1 month
Samsung Galaxy S26 Ultra,5,positive,0.9739,0.951,0.0457,0.0032,1.0,98.85,1,81,2 weeks ago,Incentivized | Verified Purchaser | Owned for 2 weeks
Samsung Galaxy S26 Ultra,5,positive,0.9763,0.9578,0.0369,0.0053,1.0,98.98,1,80,2 weeks ago,Incentivized | Verified Purchaser | Owned for 3 weeks
Samsung Galaxy S26 Ultra,5,positive,0.9914,0.9862,0.0102,0.0035,1.0,99.83,1,75,2 weeks ago,Incentivized | Verified Purchaser | Owned for 3 weeks
Samsung Galaxy S26 Ultra,5,positive,0.9901,0.9838,0.0127,0.0035,1.0,99.75,1,75,1 month ago,Incentivized | Verified Purchaser | Owned for less than 1 week
Samsung Galaxy S26 Ultra,5,positive,0.994,0.9909,0.0063,0.0029,1.0,99.97,1,78,2 weeks ago,Incentivized | Verified Purchaser | Owned for 1 week
Samsung Galaxy S26 Ultra,5,positive,0.9922,0.9869,0.0106,0.0026,1.0,99.87,1,75,2 weeks ago,Incentivized | Verified Purchaser | Owned for 3 weeks
Samsung Galaxy S26 Ultra,5,positive,0.9933,0.9892,0.0083,0.0026,1.0,99.93,1,77,2 weeks ago,Incentivized | Verified Purchaser | Owned for 3 weeks
Samsung Galaxy S26 Ultra,5,positive,0.9906,0.9857,0.0099,0.0044,1.0,99.78,1,77,2 weeks ago,Incentivized | Verified Purchaser | Owned for 3 weeks
Samsung Galaxy S26 Ultra,5,positive,0.9924,0.9887,0.0074,0.0039,1.0,99.88,1,76,2 weeks ago,Incentivized | Verified Purchaser | Owned for 2 weeks
Samsung Galaxy S26 Ultra,5,positive,0.9451,0.9041,0.0821,0.0139,1.0,97.24,1,84,3 weeks ago,Incentivized | Verified Purchaser | Owned for 1 week
Samsung Galaxy S26 Ultra,4,positive,0.9222,0.8646,0.1151,0.0202,0.75,84.51,1,125,5 days ago,Incentivized | Verified Purchaser | Owned for 1 month
Samsung Galaxy S26 Ultra,5,positive,0.9882,0.9809,0.0144,0.0046,1.0,99.65,1,75,2 weeks ago,Incentivized | Verified Purchaser | Owned for 2 weeks
Samsung Galaxy S26 Ultra,5,positive,0.9898,0.9852,0.0093,0.0055,1.0,99.74,1,61,1 week ago,Incentivized | Verified Purchaser | Owned for 2 weeks
Samsung Galaxy S26 Ultra,5,positive,0.9899,0.9842,0.0115,0.0043,1.0,99.74,1,55,1 week ago,Incentivized | Verified Purchaser | Owned for 1 week
Samsung Galaxy S26 Ultra,5,positive,0.9924,0.987,0.0108,0.0022,1.0,99.88,1,72,2 weeks ago,Incentivized | Verified Purchaser | Owned for 3 weeks
Samsung Galaxy S26 Ultra,5,positive,0.9896,0.9846,0.0101,0.0053,1.0,99.73,1,78,3 weeks ago,Incentivized | Verified Purchaser | Owned for 2 weeks
Samsung Galaxy S26 Ultra,5,positive,0.9892,0.9821,0.0142,0.0037,1.0,99.7,1,70,2 weeks ago,Incentivized | Verified Purchaser
Samsung Galaxy S26 Ultra,5,positive,0.9823,0.9721,0.0204,0.0076,1.0,99.32,1,71,2 weeks ago,Incentivized | Verified Purchaser | Owned for 3 weeks
Samsung Galaxy S26 Ultra,5,positive,0.992,0.988,0.0081,0.004,1.0,99.86,1,81,3 weeks ago,Incentivized | Verified Purchaser | Owned for 2 weeks
Samsung Galaxy S26 Ultra,5,positive,0.9869,0.9786,0.0166,0.0048,1.0,99.57,1,91,1 month ago,Incentivized | Verified Purchaser | Owned for 1 week
Samsung Galaxy S26 Ultra,5,positive,0.9923,0.9879,0.0088,0.0033,1.0,99.88,1,68,2 weeks ago,Incentivized | Verified Purchaser | Owned for 3 weeks
Samsung Galaxy S26 Ultra,3,negative,0.352,0.2187,0.2664,0.5148,0.5,41.15,1,390,2 weeks ago,Incentivized | Verified Purchaser | Owned for 2 weeks
Samsung Galaxy S26 Ultra,5,positive,0.9904,0.9844,0.0121,0.0035,1.0,99.77,1,66,2 weeks ago,Incentivized | Verified Purchaser | Owned for 3 weeks
Samsung Galaxy S26 Ultra,5,positive,0.9893,0.982,0.0146,0.0034,1.0,99.71,1,83,3 weeks ago,Incentivized | Verified Purchaser | Owned for 2 weeks
Samsung Galaxy S26 Ultra,5,positive,0.9915,0.9879,0.0073,0.0048,1.0,99.83,1,59,1 week ago,Incentivized | Verified Purchaser | Owned for 2 weeks
Samsung Galaxy S26 Ultra,5,positive,0.9863,0.9766,0.0193,0.0041,1.0,99.54,1,60,1 month ago,Incentivized | Verified Purchaser | Owned for less than 1 week
Samsung Galaxy S26 Ultra,5,positive,0.9919,0.987,0.0098,0.0032,1.0,99.85,1,70,2 weeks ago,Incentivized | Verified Purchaser | Owned for 3 weeks
Samsung Galaxy S26 Ultra,5,positive,0.9903,0.9842,0.0121,0.0036,1.0,99.76,1,68,2 weeks ago,Incentivized | Verified Purchaser | Owned for 3 weeks
Samsung Galaxy S26 Ultra,5,positive,0.9903,0.9845,0.0117,0.0038,1.0,99.76,1,56,1 week ago,Incentivized | Verified Purchaser | Owned for 1 month
Samsung Galaxy S26 Ultra,5,positive,0.9922,0.9878,0.0088,0.0034,1.0,99.87,1,72,3 weeks ago,Incentivized | Verified Purchaser | Owned for 2 weeks
Samsung Galaxy S26 Ultra,5,positive,0.9914,0.9875,0.0077,0.0048,1.0,99.83,1,82,3 weeks ago,Incentivized | Verified Purchaser | Owned for 1 week
Samsung Galaxy S26 Ultra,4,negative,0.2591,0.0835,0.3512,0.5653,0.75,47.39,0,116,5 days ago,Incentivized | Verified Purchaser | Owned for 1 month
Samsung Galaxy S26 Ultra,5,positive,0.9922,0.9874,0.0097,0.0029,1.0,99.87,1,67,2 weeks ago,Incentivized | Verified Purchaser | Owned for 3 weeks
Samsung Galaxy S26 Ultra,5,positive,0.8692,0.7483,0.2419,0.0098,1.0,92.99,1,54,1 week ago,Incentivized | Verified Purchaser | Owned for 3 weeks
Samsung Galaxy S26 Ultra,5,positive,0.9933,0.9898,0.0069,0.0033,1.0,99.93,1,65,2 weeks ago,Incentivized | Verified Purchaser | Owned for 3 weeks
Samsung Galaxy S26 Ultra,5,positive,0.9912,0.9863,0.0098,0.0039,1.0,99.82,1,64,2 weeks ago,Incentivized | Verified Purchaser | Owned for 3 weeks
Samsung Galaxy S26 Ultra,5,positive,0.9811,0.9653,0.0316,0.0031,1.0,99.25,1,64,2 weeks ago,Incentivized | Verified Purchaser | Owned for 3 weeks
Samsung Galaxy S26 Ultra,4,negative,0.2491,0.0892,0.3197,0.5911,0.75,46.83,0,148,2 weeks ago,Incentivized | Verified Purchaser | Owned for 2 weeks
Samsung Galaxy S26 Ultra,5,positive,0.9885,0.9807,0.0156,0.0037,1.0,99.66,1,68,3 weeks ago,Incentivized | Verified Purchaser | Owned for 2 weeks
Samsung Galaxy S26 Ultra,5,positive,0.9724,0.9538,0.0373,0.0089,1.0,98.76,1,51,,Incentivized | Verified Purchaser | Owned for 2 weeks
Samsung Galaxy S26 Ultra,5,positive,0.9925,0.9886,0.0077,0.0037,1.0,99.89,1,62,2 weeks ago,Incentivized | Verified Purchaser | Owned for 3 weeks
Samsung Galaxy S26 Ultra,5,positive,0.989,0.9824,0.0132,0.0044,1.0,99.69,1,58,2 weeks ago,Incentivized | Verified Purchaser | Owned for 3 weeks
Samsung Galaxy S26 Ultra,5,positive,0.9916,0.9884,0.0065,0.0051,1.0,99.84,1,61,2 weeks ago,Incentivized | Verified Purchaser | Owned for 2 weeks
Samsung Galaxy S26 Ultra,5,positive,0.9754,0.9617,0.0273,0.011,1.0,98.93,1,58,2 weeks ago,Incentivized | Verified Purchaser | Owned for 3 weeks
Samsung Galaxy S26 Ultra,5,positive,0.9856,0.9759,0.0193,0.0048,1.0,99.5,1,60,2 weeks ago,Incentivized | Verified Purchaser | Owned for 3 weeks
Samsung Galaxy S26 Ultra,5,positive,0.9879,0.9815,0.013,0.0056,1.0,99.63,1,60,2 weeks ago,Incentivized | Verified Purchaser | Owned for 3 weeks
Samsung Galaxy S26 Ultra,5,positive,0.99,0.983,0.0139,0.0031,1.0,99.75,1,60,2 weeks ago,Incentivized | Verified Purchaser | Owned for 3 weeks
Samsung Galaxy S26 Ultra,5,positive,0.9929,0.9887,0.0084,0.0029,1.0,99.91,1,57,,Incentivized | Verified Purchaser | Owned for 3 weeks
Samsung Galaxy S26 Ultra,5,positive,0.9648,0.935,0.0595,0.0055,1.0,98.34,1,52,2 weeks ago,Incentivized | Verified Purchaser | Owned for 1 month
Samsung Galaxy S26 Ultra,5,positive,0.9905,0.9858,0.0093,0.0048,1.0,99.78,1,59,2 weeks ago,Incentivized | Verified Purchaser | Owned for 3 weeks
Samsung Galaxy S26 Ultra,5,positive,0.9922,0.9882,0.008,0.0038,1.0,99.87,1,59,2 weeks ago,Incentivized | Verified Purchaser | Owned for 3 weeks
Samsung Galaxy S26 Ultra,5,positive,0.9837,0.974,0.0195,0.0066,1.0,99.4,1,58,2 weeks ago,Incentivized | Verified Purchaser | Owned for 3 weeks
Samsung Galaxy S26 Ultra,5,positive,0.9918,0.9879,0.0078,0.0043,1.0,99.85,1,58,2 weeks ago,Incentivized | Verified Purchaser | Owned for 3 weeks
Samsung Galaxy S26 Ultra,5,positive,0.9921,0.9882,0.0079,0.0039,1.0,99.87,1,58,2 weeks ago,Incentivized | Verified Purchaser | Owned for 3 weeks
Samsung Galaxy S26 Ultra,5,positive,0.9928,0.9883,0.0091,0.0026,1.0,99.9,1,56,2 weeks ago,Incentivized | Verified Purchaser | Owned for 3 weeks
Samsung Galaxy S26 Ultra,5,positive,0.9917,0.9866,0.0103,0.0032,1.0,99.84,1,52,2 weeks ago,Incentivized | Verified Purchaser | Owned for 3 weeks
Samsung Galaxy S26 Ultra,4,positive,0.9875,0.9804,0.0141,0.0055,0.75,88.16,1,140,2 weeks ago,Incentivized | Verified Purchaser | Owned for 3 weeks
Samsung Galaxy S26 Ultra,5,positive,0.9914,0.986,0.0109,0.0032,1.0,99.83,1,56,2 weeks ago,Incentivized | Verified Purchaser | Owned for 3 weeks
Samsung Galaxy S26 Ultra,5,positive,0.9916,0.987,0.009,0.0039,1.0,99.84,1,56,2 weeks ago,Incentivized | Verified Purchaser | Owned for 2 weeks
Samsung Galaxy S26 Ultra,5,positive,0.9899,0.9845,0.0108,0.0047,1.0,99.74,1,54,2 weeks ago,Incentivized | Verified Purchaser | Owned for 3 weeks
Samsung Galaxy S26 Ultra,5,positive,0.9759,0.9557,0.0403,0.0039,1.0,98.96,1,55,2 weeks ago,Incentivized | Verified Purchaser | Owned for 2 weeks
Samsung Galaxy S26 Ultra,5,positive,0.9905,0.9848,0.0114,0.0038,1.0,99.78,1,60,3 weeks ago,Incentivized | Verified Purchaser | Owned for 2 weeks
Samsung Galaxy S26 Ultra,5,positive,0.9924,0.9881,0.0085,0.0034,1.0,99.88,1,55,2 weeks ago,Incentivized | Verified Purchaser | Owned for 3 weeks
Samsung Galaxy S26 Ultra,5,positive,0.9913,0.9873,0.0081,0.0047,1.0,99.82,1,54,2 weeks ago,Incentivized | Verified Purchaser | Owned for 3 weeks
Samsung Galaxy S26 Ultra,5,positive,0.9939,0.9904,0.007,0.0026,1.0,99.97,1,54,2 weeks ago,Incentivized | Verified Purchaser | Owned for 3 weeks
Samsung Galaxy S26 Ultra,5,neutral,0.5446,0.1332,0.8228,0.044,1.0,74.82,0,53,2 weeks ago,Incentivized | Verified Purchaser | Owned for 2 weeks
Samsung Galaxy S26 Ultra,5,positive,0.988,0.9791,0.0179,0.0031,1.0,99.64,1,53,2 weeks ago,Incentivized | Verified Purchaser | Owned for 3 weeks
Samsung Galaxy S26 Ultra,5,positive,0.992,0.9873,0.0093,0.0034,1.0,99.86,1,53,2 weeks ago,Incentivized | Verified Purchaser | Owned for 3 weeks
Samsung Galaxy S26 Ultra,5,positive,0.9136,0.8388,0.1496,0.0116,1.0,95.47,1,53,2 weeks ago,Incentivized | Verified Purchaser | Owned for 3 weeks
Samsung Galaxy S26 Ultra,5,positive,0.9919,0.9869,0.0099,0.0031,1.0,99.85,1,60,3 weeks ago,Incentivized | Verified Purchaser | Owned for 1 week
Samsung Galaxy S26 Ultra,5,positive,0.9907,0.9862,0.0089,0.0049,1.0,99.79,1,51,2 weeks ago,Incentivized | Verified Purchaser | Owned for 2 weeks
Samsung Galaxy S26 Ultra,5,positive,0.9907,0.9859,0.0096,0.0045,1.0,99.79,1,51,2 weeks ago,Incentivized | Verified Purchaser | Owned for 3 weeks
Samsung Galaxy S26 Ultra,5,positive,0.9926,0.9888,0.0075,0.0037,1.0,99.89,1,51,2 weeks ago,Incentivized | Verified Purchaser | Owned for 3 weeks
Samsung Galaxy S26 Ultra,5,positive,0.9298,0.8825,0.0946,0.0229,1.0,96.38,1,51,2 weeks ago,Incentivized | Verified Purchaser | Owned for 3 weeks
Samsung Galaxy S26 Ultra,5,positive,0.9321,0.8744,0.1156,0.0101,1.0,96.51,1,48,2 weeks ago,Incentivized | Verified Purchaser | Owned for 2 weeks
Samsung Galaxy S26 Ultra,5,positive,0.9883,0.9804,0.0159,0.0037,1.0,99.65,1,47,2 weeks ago,Incentivized | Verified Purchaser | Owned for 2 weeks
Samsung Galaxy S26 Ultra,5,positive,0.9916,0.9868,0.0095,0.0037,1.0,99.84,1,51,2 weeks ago,Incentivized | Verified Purchaser | Owned for 2 weeks
Samsung Galaxy S26 Ultra,5,positive,0.9829,0.9743,0.0172,0.0086,1.0,99.35,1,50,2 weeks ago,Incentivized | Verified Purchaser | Owned for 3 weeks
Samsung Galaxy S26 Ultra,5,positive,0.986,0.9741,0.0237,0.0022,1.0,99.52,1,50,2 weeks ago,Incentivized | Verified Purchaser | Owned for 3 weeks
Samsung Galaxy S26 Ultra,5,positive,0.9688,0.9423,0.0531,0.0046,1.0,98.56,1,50,2 weeks ago,Incentivized | Verified Purchaser | Owned for 3 weeks
Samsung Galaxy S26 Ultra,5,positive,0.9878,0.9797,0.0163,0.0041,1.0,99.63,1,66,1 month ago,Incentivized | Verified Purchaser | Owned for 1 week
Samsung Galaxy S26 Ultra,5,positive,0.9855,0.977,0.0171,0.0059,1.0,99.5,1,52,3 weeks ago,Incentivized | Verified Purchaser | Owned for 2 weeks
Samsung Galaxy S26 Ultra,5,positive,0.9929,0.9876,0.0106,0.0018,1.0,99.91,1,52,3 weeks ago,Incentivized | Verified Purchaser | Owned for 2 weeks
Samsung Galaxy S26 Ultra,5,positive,0.989,0.9835,0.011,0.0055,1.0,99.69,1,55,3 weeks ago,Incentivized | Verified Purchaser | Owned for 2 weeks
Samsung Galaxy S26 Ultra,2,negative,0.2336,0.1078,0.2516,0.6406,0.25,23.07,1,1858,5 days ago,Incentivized | Verified Purchaser | Owned for 1 month
Samsung Galaxy S26 Ultra,4,positive,0.9905,0.9857,0.0097,0.0046,0.75,88.33,1,84,5 days ago,Incentivized | Verified Purchaser | Owned for 1 month
Samsung Galaxy S26 Ultra,5,positive,0.9939,0.9909,0.0061,0.003,1.0,99.97,1,50,1 month ago,Incentivized | Verified Purchaser | Owned for 1 week
Samsung Galaxy S26 Ultra,5,positive,0.9912,0.9859,0.0106,0.0036,1.0,99.82,1,51,1 month ago,Incentivized | Verified Purchaser | Owned for 1 week
Samsung Galaxy S26 Ultra,1,negative,0.0802,0.0142,0.132,0.8538,0.0,3.04,1,1646,1 month ago,Incentivized | Verified Purchaser | Owned for 2 weeks
Samsung Galaxy S26 Ultra,4,positive,0.9711,0.9488,0.0446,0.0066,0.75,87.24,1,96,2 weeks ago,Incentivized | Verified Purchaser | Owned for 2 weeks
Samsung Galaxy S26 Ultra,1,negative,0.0755,0.0101,0.1309,0.8591,0.0,2.78,1,367,3 weeks ago,Incentivized
Samsung Galaxy S26 Ultra,4,positive,0.8952,0.8602,0.0699,0.0699,0.75,82.99,1,93,2 weeks ago,Incentivized | Verified Purchaser | Owned for 3 weeks
Samsung Galaxy S26 Ultra,4,negative,0.0558,0.008,0.0956,0.8964,0.75,36.02,0,59,4 days ago,Incentivized | Verified Purchaser | Owned for 1 month
Samsung Galaxy S26 Ultra,3,negative,0.0531,0.0096,0.0869,0.9035,0.5,24.42,1,299,1 week ago,Incentivized | Verified Purchaser | Owned for 1 week
Samsung Galaxy S26 Ultra,4,positive,0.9718,0.9487,0.0463,0.0051,0.75,87.28,1,85,3 weeks ago,Incentivized | Verified Purchaser | Owned for 2 weeks
Samsung Galaxy S26 Ultra,4,positive,0.9719,0.9502,0.0435,0.0063,0.75,87.29,1,56,1 week ago,Incentivized | Verified Purchaser
Samsung Galaxy S26 Ultra,1,neutral,0.4403,0.1212,0.6382,0.2406,0.0,23.19,1,1313,2 weeks ago,Incentivized | Verified Purchaser | Owned for 2 weeks
Samsung Galaxy S26 Ultra,3,positive,0.8871,0.8087,0.1568,0.0345,0.5,71.09,0,1482,1 month ago,Incentivized | Verified Purchaser | Owned for 1 week
Samsung Galaxy S26 Ultra,4,positive,0.9917,0.987,0.0094,0.0036,0.75,88.4,1,52,2 weeks ago,Incentivized | Verified Purchaser | Owned for 3 weeks
Samsung Galaxy S26 Ultra,4,neutral,0.448,0.088,0.72,0.1921,0.75,57.97,0,59,3 weeks ago,Incentivized | Verified Purchaser | Owned for 2 weeks
Samsung Galaxy S26 Ultra,1,negative,0.0774,0.0151,0.1247,0.8602,0.0,2.88,1,1813,1 month ago,Incentivized | Verified Purchaser | Owned for 1 week
Samsung Galaxy S26 Ultra,1,negative,0.0362,0.0053,0.0618,0.9329,0.0,0.58,1,1176,2 weeks ago,Incentivized | Verified Purchaser | Owned for 3 weeks
Samsung Galaxy S26 Ultra,3,negative,0.023,0.0059,0.0341,0.96,0.5,22.73,1,170,2 weeks ago,Incentivized | Verified Purchaser | Owned for 3 weeks
Samsung Galaxy S26 Ultra,2,negative,0.2008,0.0521,0.2973,0.6505,0.25,21.24,1,1926,2 weeks ago,Incentivized | Verified Purchaser | Owned for 3 weeks
Samsung Galaxy S26 Ultra,3,positive,0.9585,0.9266,0.0638,0.0096,0.5,75.09,0,713,4 days ago,Incentivized | Verified Purchaser | Owned for 1 month
Samsung Galaxy S26 Ultra,1,negative,0.0462,0.0075,0.0774,0.9151,0.0,1.14,1,823,2 weeks ago,Incentivized | Verified Purchaser | Owned for 2 weeks
Samsung Galaxy S26 Ultra,3,neutral,0.4497,0.2396,0.4204,0.3401,0.5,46.61,1,794,3 weeks ago,Incentivized | Verified Purchaser | Owned for 2 weeks
Samsung Galaxy S26 Ultra,1,negative,0.0492,0.0088,0.0809,0.9103,0.0,1.3,1,648,2 weeks ago,Incentivized | Verified Purchaser | Owned for 2 weeks
Samsung Galaxy S26 Ultra,1,negative,0.0278,0.0053,0.0451,0.9496,0.0,0.11,1,309,2 weeks ago,Incentivized | Verified Purchaser | Owned for 3 weeks
Samsung Galaxy S26 Ultra,2,negative,0.159,0.03,0.258,0.712,0.25,18.9,1,32,2 weeks ago,Incentivized | Verified Purchaser | Owned for 2 weeks
Samsung Galaxy S26 Ultra,1,negative,0.0292,0.0055,0.0473,0.9471,0.0,0.18,1,168,3 weeks ago,Incentivized | Verified Purchaser | Owned for 1 week
Samsung Galaxy S26 Ultra,1,negative,0.1265,0.0539,0.1453,0.8008,0.0,5.63,1,140,2 weeks ago,Incentivized | Verified Purchaser
Samsung Galaxy S26 Ultra,1,positive,0.6236,0.4749,0.2972,0.2278,0.0,33.45,0,822,4 days ago,Incentivized | Verified Purchaser | Owned for 1 month
Samsung Galaxy S26 Ultra,1,neutral,0.5515,0.1385,0.8261,0.0354,0.0,29.42,1,68,1 week ago,Incentivized | Verified Purchaser | Owned for 3 weeks
Samsung Galaxy S26 Ultra,5,positive,0.9869,0.9767,0.0205,0.0028,1.0,99.57,1,161,2 weeks ago,Incentivized
Samsung Galaxy S26 Ultra,5,positive,0.9908,0.9851,0.0114,0.0035,1.0,99.79,1,155,3 weeks ago,Incentivized
Samsung Galaxy S26 Ultra,5,positive,0.991,0.9846,0.0128,0.0026,1.0,99.8,1,81,1 month ago,Incentivized
Samsung Galaxy S26 Ultra,5,positive,0.9932,0.9899,0.0067,0.0034,1.0,99.93,1,62,1 month ago,Incentivized
Samsung Galaxy S26 Ultra,5,positive,0.9905,0.9854,0.0102,0.0044,1.0,99.78,1,82,2 weeks ago,Incentivized
Samsung Galaxy S26 Ultra,5,positive,0.9772,0.9588,0.0368,0.0044,1.0,99.03,1,70,2 weeks ago,Incentivized
Samsung Galaxy S26 Ultra,5,positive,0.9919,0.9884,0.007,0.0046,1.0,99.85,1,63,2 weeks ago,Incentivized
Samsung Galaxy S26 Ultra,1,negative,0.0259,0.0049,0.0421,0.9531,0.0,0.0,1,90,1 month ago,Incentivized
Samsung Galaxy S26 Ultra,1,negative,0.0704,0.011,0.1189,0.8702,0.0,2.49,1,75,1 month ago,Incentivized
Samsung Galaxy S26 Ultra,1,negative,0.0637,0.0078,0.1116,0.8805,0.0,2.12,1,54,1 month ago,Incentivized
